holder,shares,dateReported,change
VANGUARD GROUP INC,26393723,2025-09-30,-22995
"BlackRock, Inc.",20629947,2025-09-30,-340333
STATE STREET CORP,14114267,2025-09-30,-396004
CHARLES SCHWAB INVESTMENT MANAGEMENT INC,7930737,2025-09-30,84101
"GEODE CAPITAL MANAGEMENT, LLC",6074390,2025-09-30,60154
FAYEZ SAROFIM & CO,5045436,2025-09-30,-203550
Invesco Ltd.,3389420,2025-09-30,-55300
MORGAN STANLEY,2967103,2025-09-30,-54499
ROYAL BANK OF CANADA,2701419,2025-09-30,464669
UBS Group AG,2685105,2025-09-30,-210461
PROVIDENT TRUST CO,2559056,2025-09-30,5213
NORTHERN TRUST CORP,2529116,2025-09-30,152451
UBS ASSET MANAGEMENT AMERICAS INC,2415116,2025-09-30,-408285
Legal & General Group Plc,2205696,2025-09-30,-9627
DIMENSIONAL FUND ADVISORS LP,2090249,2025-09-30,64791
AMERICAN CENTURY COMPANIES INC,2055963,2025-09-30,-562958
GOLDMAN SACHS GROUP INC,2029899,2025-09-30,274498
"Fisher Asset Management, LLC",1649203,2025-09-30,-21335
ProShare Advisors LLC,1613140,2025-09-30,-274795
Bank of New York Mellon Corp,1567210,2025-09-30,-32019
BROWN ADVISORY INC,1529693,2025-09-30,4566
FIRST TRUST ADVISORS LP,1448623,2025-09-30,-1992835
CITADEL ADVISORS LLC,1419702,2025-09-30,1139637
CAISSE DE DEPOT ET PLACEMENT DU QUEBEC,1306922,2025-09-30,584949
"HB Wealth Management, LLC",1157081,2025-09-30,275458
HSBC HOLDINGS PLC,1054151,2025-09-30,141615
JPMORGAN CHASE & CO,1047398,2025-09-30,4008
CONFLUENCE INVESTMENT MANAGEMENT LLC,973769,2025-09-30,25316
DEUTSCHE BANK AG\,927960,2025-09-30,40772
Amundi,889671,2025-09-30,-717945
AMERIPRISE FINANCIAL INC,873092,2025-09-30,45845
STIFEL FINANCIAL CORP,821712,2025-09-30,-87363
WELLS FARGO & COMPANY/MN,816140,2025-09-30,-834868
BANK OF AMERICA CORP /DE/,812090,2025-09-30,-131940
Allianz Asset Management GmbH,767672,2025-09-30,152318
BNP Paribas Asset Management Holding S.A.,746946,2025-09-30,39314
BANK OF MONTREAL /CAN/,715232,2025-09-30,31554
MARATHON CAPITAL MANAGEMENT,684625,2025-09-30,-23520
"Sumitomo Mitsui Trust Holdings, Inc.",668611,2025-09-30,-16911
BARCLAYS PLC,628833,2025-09-30,-265532
"Nuveen, LLC",619115,2025-09-30,-4986
LPL Financial LLC,571703,2025-09-30,40212
"ARGA Investment Management, LP",568567,2025-09-30,91406
FRANKLIN RESOURCES INC,532079,2025-09-30,40450
VIRGINIA RETIREMENT SYSTEMS ET AL,528500,2025-09-30,137600
"PNC FINANCIAL SERVICES GROUP, INC.",523800,2025-09-30,-58825
"ASSETMARK, INC",511934,2025-09-30,2795
"CBOE Vest Financial, LLC",509784,2025-09-30,-106567
"Mitsubishi UFJ Kokusai Asset Management Co., Ltd.",501830,2025-09-30,20507
FMR LLC,497466,2025-09-30,-52097
BAILLIE GIFFORD & CO,494107,2025-09-30,-12840
AQR CAPITAL MANAGEMENT LLC,474752,2025-09-30,77086
Mitsubishi UFJ Trust & Banking Corp,459550,2025-09-30,107643
RHUMBLINE ADVISERS,457012,2025-09-30,-13055
NOMURA ASSET MANAGEMENT CO LTD,444731,2025-09-30,-78261
National Pension Service,423327,2025-09-30,20409
CALIFORNIA PUBLIC EMPLOYEES RETIREMENT SYSTEM,404805,2025-09-30,11028
CALIFORNIA STATE TEACHERS RETIREMENT SYSTEM,404402,2025-09-30,-16607
"DONALDSON CAPITAL MANAGEMENT, LLC",404125,2025-09-30,8231
GREAT WEST LIFE ASSURANCE CO /CAN/,403962,2025-09-30,10036
"ARROWSTREET CAPITAL, LIMITED PARTNERSHIP",395188,2025-09-30,-111400
CITIGROUP INC,394511,2025-09-30,52415
VICTORY CAPITAL MANAGEMENT INC,389151,2025-09-30,-104314
HEALTHCARE OF ONTARIO PENSION PLAN TRUST FUND,378698,2025-09-30,219910
ALLIANCEBERNSTEIN L.P.,370449,2025-09-30,43500
Pictet Asset Management Holding SA,346005,2025-09-30,38047
"COMMONWEALTH EQUITY SERVICES, LLC",343125,2025-09-30,6417
"MARSHALL WACE, LLP",331582,2025-09-30,331582
"L.K. Benson & Company, P.C.",315841,2025-09-30,-8671
MARKEL GROUP INC.,314000,2025-09-30,0
PRICE T ROWE ASSOCIATES INC /MD/,313348,2025-09-30,-2173
FORT WASHINGTON INVESTMENT ADVISORS INC /OH/,286238,2025-09-30,-21547
MILLENNIUM MANAGEMENT LLC,272572,2025-09-30,207733
ALPS ADVISORS INC,270047,2025-09-30,-35492
"BNP PARIBAS ARBITRAGE, SNC",267997,2025-09-30,15841
"Connor, Clark & Lunn Investment Management Ltd.",262947,2025-09-30,28431
AE Wealth Management LLC,260092,2025-09-30,15055
PRINCIPAL FINANCIAL GROUP INC,255749,2025-09-30,-3794
RAYMOND JAMES FINANCIAL INC,255364,2025-09-30,2302
AXA Investment Managers S.A.,249778,2025-09-30,249778
"Mirae Asset Global Investments Co., Ltd.",246833,2025-09-30,8054
Achmea Investment Management B.V.,246301,2025-09-30,246301
NEW YORK STATE COMMON RETIREMENT FUND,246299,2025-09-30,-17692
"ADVISOR GROUP HOLDINGS, INC.",228492,2025-09-30,104576
STATE BOARD OF ADMINISTRATION OF FLORIDA RETIREMENT SYSTEM,223394,2025-09-30,-5621
"HighTower Advisors, LLC",220153,2025-09-30,25253
BLAIR WILLIAM & CO/IL,219489,2025-09-30,-9217
Assenagon Asset Management S.A.,217417,2025-09-30,209616
Quantinno Capital Management LP,208485,2025-09-30,39033
"Brandywine Global Investment Management, LLC",206854,2025-09-30,96584
CANADA PENSION PLAN INVESTMENT BOARD,206429,2025-09-30,27304
abrdn plc,203405,2025-09-30,1512
Boston Trust Walden Corp,202027,2025-09-30,-83303
"ADAGE CAPITAL PARTNERS GP, L.L.C.",199030,2025-09-30,41506
NEW YORK STATE TEACHERS RETIREMENT SYSTEM,197610,2025-09-30,-1453
"Grantham, Mayo, Van Otterloo & Co. LLC",195147,2025-09-30,42468
Universal- Beteiligungs- und Servicegesellschaft mbH,190784,2025-09-30,532
GABELLI FUNDS LLC,187850,2025-09-30,-5000
AVIVA PLC,184690,2025-09-30,14631
Vinva Investment Management Ltd,183267,2025-09-30,168594
FIRST CITIZENS BANK & TRUST CO,175885,2025-09-30,103174
"Banco Santander, S.A.",175729,2025-09-30,326
SCHRODER INVESTMENT MANAGEMENT GROUP,168340,2025-09-30,23817
NATIONAL BANK OF CANADA /FI/,167678,2025-09-30,-98268
"CWM, LLC",165761,2025-09-30,6873
Janney Montgomery Scott LLC,165383,2025-09-30,-14694
"Susquehanna Portfolio Strategies, LLC",163507,2025-09-30,0
SPRUCEGROVE INVESTMENT MANAGEMENT LTD,162368,2025-09-30,-14300
"Envestnet Portfolio Solutions, Inc.",161319,2025-09-30,95024
LOS ANGELES CAPITAL MANAGEMENT LLC,160625,2025-09-30,154581
HERITAGE INVESTORS MANAGEMENT CORP,158796,2025-09-30,-15190
NORTH STAR ASSET MANAGEMENT INC,157509,2025-09-30,-9132
Willis Investment Counsel,157500,2025-09-30,-3100
MACKENZIE FINANCIAL CORP,154993,2025-09-30,-17925
"ADAMS DIVERSIFIED EQUITY FUND, INC.",154800,2025-09-30,154800
GUGGENHEIM CAPITAL LLC,150977,2025-09-30,7588
PRUDENTIAL FINANCIAL INC,142676,2025-09-30,-30869
"Russell Investments Group, Ltd.",142200,2025-09-30,29155
Cerity Partners LLC,142051,2025-09-30,-9650
"MANUFACTURERS LIFE INSURANCE COMPANY, THE",140781,2025-09-30,573
"MATHER GROUP, LLC.",140022,2025-09-30,-3239
CONGRESS ASSET MANAGEMENT CO /MA,132878,2025-09-30,-885
Squarepoint Ops LLC,131277,2025-09-30,106212
SCHAPER BENZ & WISE INVESTMENT COUNSEL INC/WI,129534,2025-09-30,-2525
PUBLIC EMPLOYEES RETIREMENT SYSTEM OF OHIO,129265,2025-09-30,8026
"Moran Wealth Management, LLC",129238,2025-09-30,39627
KLP KAPITALFORVALTNING AS,128116,2025-09-30,0
"Vantage Investment Partners, LLC",127189,2025-09-30,0
La Banque Postale Asset Management SA,126653,2025-09-30,1105
KEYBANK NATIONAL ASSOCIATION/OH,124944,2025-09-30,-7565
"GRIMES & COMPANY, INC.",124640,2025-09-30,-12571
APG Asset Management N.V.,122900,2025-09-30,0
Sienna Gestion,121719,2025-09-30,0
ENVESTNET ASSET MANAGEMENT INC,119129,2025-09-30,-1713
"Williams Jones Wealth Management, LLC.",117929,2025-09-30,-23351
Neuberger Berman Group LLC,116966,2025-09-30,-10393
STATE OF WISCONSIN INVESTMENT BOARD,116176,2025-09-30,-1031
"Chevy Chase Trust Holdings, LLC",115546,2025-09-30,-7268
"Baird Financial Group, Inc.",114157,2025-09-30,1804
"Steigerwald, Gordon & Koch Inc.",112174,2025-09-30,-4293
M&T BANK CORP,112078,2025-09-30,6730
Brookstone Capital Management,110565,2025-09-30,-2267
DANSKE BANK A/S,110304,2025-09-30,6400
OLD REPUBLIC INTERNATIONAL CORP,110000,2025-09-30,0
"LEVEL FOUR ADVISORY SERVICES, LLC",108133,2025-09-30,-9061
TD ASSET MANAGEMENT INC,108122,2025-09-30,22029
BARR E S & CO,108045,2025-09-30,-38730
Lansforsakringar Fondforvaltning AB (publ),107679,2025-09-30,-1411
CHILTON INVESTMENT CO INC.,107268,2025-09-30,107268
CREDIT AGRICOLE S A,107178,2025-09-30,107178
HUNTER ASSOCIATES INVESTMENT MANAGEMENT LLC,106490,2025-09-30,1242
ROYAL LONDON ASSET MANAGEMENT LTD,105455,2025-09-30,-348
Mediolanum International Funds Ltd,104898,2025-09-30,-5280
TORONTO DOMINION BANK,104084,2025-09-30,-9211
Illinois Municipal Retirement Fund,100907,2025-09-30,24567
DekaBank Deutsche Girozentrale,99718,2025-09-30,0
Meiji Yasuda Asset Management Co Ltd.,98643,2025-09-30,-7510
Treasurer of the State of North Carolina,98354,2025-09-30,-3824
"Asset Management One Co., Ltd.",95934,2025-09-30,-1488
D.A. DAVIDSON & CO.,95459,2025-09-30,-2153
Quinn Opportunity Partners LLC,95098,2025-09-30,-26803
Cadence Bank,93212,2025-09-30,2436
VAN ECK ASSOCIATES CORP,92636,2025-09-30,-7598
"Resona Asset Management Co.,Ltd.",91146,2025-09-30,-5974
"L. Roy Papp & Associates, LLP",90822,2025-09-30,-35004
"FOLGER NOLAN FLEMING DOUGLAS CAPITAL MANAGEMENT, INC",89158,2025-09-30,-124
"SEIZERT CAPITAL PARTNERS, LLC",87194,2025-09-30,-38255
"State of Tennessee, Treasury Department",86984,2025-09-30,0
WORLDQUANT MILLENNIUM ADVISORS LLC,86211,2025-09-30,-151086
"Lafayette Investments, Inc.",85941,2025-09-30,-215
"YOUSIF CAPITAL MANAGEMENT, LLC",84708,2025-09-30,-5423
Mn Services Vermogensbeheer B.V.,84033,2025-09-30,1800
"NISA INVESTMENT ADVISORS, LLC",82935,2025-09-30,70
"Cornerstone Advisory, LLC",81343,2025-09-30,-1732
TRUST CO OF VIRGINIA /VA,81197,2025-09-30,-766
BANQUE PICTET & CIE SA,80426,2025-09-30,-534
"Advisors Asset Management, Inc.",78118,2025-09-30,-4635
SALEM INVESTMENT COUNSELORS INC,77884,2025-09-30,336
Andra AP-fonden,75300,2025-09-30,-38600
OLD NATIONAL BANCORP /IN/,75040,2025-09-30,10463
KAYNE ANDERSON RUDNICK INVESTMENT MANAGEMENT LLC,74041,2025-09-30,7428
TEACHER RETIREMENT SYSTEM OF TEXAS,73245,2025-09-30,39490
"Rafferty Asset Management, LLC",73128,2025-09-30,-127
"ExodusPoint Capital Management, LP",72926,2025-09-30,72926
CAPTRUST FINANCIAL ADVISORS,71257,2025-09-30,15
Cardinal Capital Management,71216,2025-09-30,1773
DF DENT & CO INC,70913,2025-09-30,751
Korea Investment CORP,70606,2025-09-30,-46700
"Keystone Financial Planning, Inc.",70564,2025-09-30,-267
"WEALTH ENHANCEMENT ADVISORY SERVICES, LLC",70125,2025-09-30,-6049
BENJAMIN EDWARDS INC,69808,2025-09-30,-3725
State of New Jersey Common Pension Fund D,69640,2025-09-30,3821
"Windle Wealth, LLC",69550,2025-09-30,-4074
SEI INVESTMENTS CO,69480,2025-09-30,-4541
WELLINGTON MANAGEMENT GROUP LLP,68429,2025-09-30,-653
Robeco Institutional Asset Management B.V.,67312,2025-09-30,18764
"Telos Capital Management, Inc.",66475,2025-09-30,-8357
"Cresset Asset Management, LLC",66448,2025-09-30,4251
Wealthfront Advisers LLC,65203,2025-09-30,2341
Erste Asset Management GmbH,65100,2025-09-30,-5638
Arizona State Retirement System,65086,2025-09-30,142
"TCTC Holdings, LLC",65045,2025-09-30,6750
Morningstar Investment Management LLC,64196,2025-09-30,60521
MIRAE ASSET GLOBAL ETFS HOLDINGS Ltd.,63167,2025-09-30,-9105
STATE OF MICHIGAN RETIREMENT SYSTEM,62913,2025-09-30,-500
Zurcher Kantonalbank (Zurich Cantonalbank),62853,2025-09-30,-15064
"SUSQUEHANNA INTERNATIONAL GROUP, LLP",62316,2025-09-30,-37706
FORSTA AP-FONDEN,61300,2025-09-30,1900
BANK OF NOVA SCOTIA,58940,2025-09-30,6755
"Vanguard Personalized Indexing Management, LLC",58648,2025-09-30,8278
"CreativeOne Wealth, LLC",58320,2025-09-30,1281
PARK CIRCLE Co,56041,2025-09-30,-13304
Czech National Bank,55804,2025-09-30,1951
"Martin Capital Partners, LLC",55687,2025-09-30,-468
Man Group plc,55165,2025-09-30,41381
NewSquare Capital LLC,54900,2025-09-30,-562
"MetLife Investment Management, LLC",54495,2025-09-30,-1615
"Capital Investment Counsel, Inc",53727,2025-09-30,-893
"Goelzer Investment Management, Inc.",53397,2025-09-30,-1494
"NFJ INVESTMENT GROUP, LLC",53216,2025-09-30,-6568
Handelsbanken Fonder AB,53211,2025-09-30,4289
COMMONWEALTH OF PENNSYLVANIA PUBLIC SCHOOL EMPLS RETRMT SYS,52762,2025-09-30,-1272
US BANCORP \DE\,52693,2025-09-30,-2271
Cetera Investment Advisers,51906,2025-09-30,13069
"Robertson Stephens Wealth Management, LLC",50491,2025-09-30,-49
VOYA INVESTMENT MANAGEMENT LLC,49358,2025-09-30,-14376
Sky Investment Group LLC,49226,2025-09-30,-1455
"AIMZ Investment Advisors, LLC",48553,2025-09-30,-592
"DEAN INVESTMENT ASSOCIATES, LLC",48314,2025-09-30,-967
WESTPAC BANKING CORP,48199,2025-09-30,47341
"Prana Capital Management, LP",48124,2025-09-30,48124
CAPITAL FUND MANAGEMENT S.A.,48079,2025-09-30,48079
TOTH FINANCIAL ADVISORY CORP,47503,2025-09-30,1198
PUBLIC SECTOR PENSION INVESTMENT BOARD,47354,2025-09-30,1997
COMMERCE BANK,47346,2025-09-30,-2712
Retirement Systems of Alabama,46869,2025-09-30,-407
FJARDE AP-FONDEN /FOURTH SWEDISH NATIONAL PENSION FUND,46577,2025-09-30,2300
Skandinaviska Enskilda Banken AB (publ),46165,2025-09-30,3859
"Ensign Peak Advisors, Inc",45616,2025-09-30,-21760
"Cambridge Investment Research Advisors, Inc.",45481,2025-09-30,1149
Aquatic Capital Management LLC,45092,2025-09-30,-77840
MACQUARIE GROUP LTD,44701,2025-09-30,-2136
"Kestra Advisory Services, LLC",43904,2025-09-30,12390
HALLMARK CAPITAL MANAGEMENT INC,43366,2025-09-30,308
"Mariner, LLC",43088,2025-09-30,1192
Taylor Hoffman Capital Management LLC,42785,2025-09-30,1473
ST GERMAIN D J CO INC,42712,2025-09-30,1023
"CIBC Private Wealth Group, LLC",42401,2025-09-30,-481
Swedbank AB,42379,2025-09-30,227
IFM Investors Pty Ltd,42266,2025-09-30,334
DnB Asset Management AS,42161,2025-09-30,-253
AMALGAMATED BANK,42152,2025-09-30,-920
Ruffer LLP,42144,2025-09-30,42144
"R.H. Dinel Investment Counsel, Inc.",42050,2025-09-30,0
Arnhold LLC,41366,2025-09-30,0
"Pathstone Holdings, LLC",40215,2025-09-30,783
"Thrive Capital Management, LLC",39659,2025-09-30,3984
CAPE COD FIVE CENTS SAVINGS BANK,38968,2025-09-30,0
USS Investment Management Ltd,38828,2025-09-30,0
"Asset Advisors Investment Management, LLC",38195,2025-09-30,-4555
NORTHWESTERN MUTUAL WEALTH MANAGEMENT CO,38088,2025-09-30,1720
"NewEdge Advisors, LLC",37916,2025-09-30,26753
1834 INVESTMENT ADVISORS CO,37375,2025-09-30,8010
SMITHBRIDGE ASSET MANAGEMENT INC/DE,37045,2025-09-30,-526
"Gotham Asset Management, LLC",36900,2025-09-30,119
ROWLAND & CO INVESTMENT COUNSEL/ADV,36081,2025-09-30,-2914
Utah Retirement Systems,36080,2025-09-30,0
CIBC Asset Management Inc,35905,2025-09-30,22
NBT BANK N A /NY,35199,2025-09-30,-447
Police & Firemen's Retirement System of New Jersey,35176,2025-09-30,1804
"Kinloch Capital, LLC",34729,2025-09-30,14
Daiwa Securities Group Inc.,34341,2025-09-30,1096
"CI Private Wealth, LLC",34033,2025-09-30,-1797
"Kinneret Advisory, LLC",33642,2025-09-30,-150
"TWO SIGMA INVESTMENTS, LP",33340,2025-09-30,17665
Candriam S.C.A.,32509,2025-09-30,1578
"GAMCO INVESTORS, INC. ET AL",32185,2025-09-30,-613
"HOHIMER WEALTH MANAGEMENT, LLC",32146,2025-09-30,-2651
JENSEN INVESTMENT MANAGEMENT INC,31950,2025-09-30,0
"IFG Advisory, LLC",31933,2025-09-30,1934
COMERICA BANK,31932,2025-09-30,-3840
BRITISH COLUMBIA INVESTMENT MANAGEMENT Corp,31666,2025-09-30,-3309
Federation des caisses Desjardins du Quebec,31662,2025-09-30,-1627
"XPONANCE, INC.",31050,2025-09-30,-1520
"Foundations Investment Advisors, LLC",31025,2025-09-30,203
"Gould Capital, LLC",30984,2025-09-30,-54
OPPENHEIMER & CO INC,30962,2025-09-30,877
JONES FINANCIAL COMPANIES LLLP,30759,2025-09-30,5360
Commonwealth Retirement Investments LLC,30418,2025-09-30,1767
COMMERZBANK AKTIENGESELLSCHAFT /FI,30281,2025-09-30,9095
NEW YORK LIFE INVESTMENT MANAGEMENT LLC,29790,2025-09-30,-134
Investment Management Corp of Ontario,29735,2025-09-30,-2053
"Hillman Capital Management, Inc.",29708,2025-09-30,-8586
NISSAY ASSET MANAGEMENT CORP /JAPAN/ /ADV,29560,2025-09-30,-237
Jefferies Financial Group Inc.,29148,2025-09-30,-3352
"Cherry Tree Wealth Management, LLC",29100,2025-09-30,0
MERCER GLOBAL ADVISORS INC /ADV,29074,2025-09-30,-2086
Woodline Partners LP,29038,2025-09-30,5206
JLB & ASSOCIATES INC,28720,2025-09-30,-726
Northwest & Ethical Investments L.P.,28613,2025-09-30,0
ASR Vermogensbeheer N.V.,28544,2025-09-30,-174
B. Metzler seel. Sohn & Co. AG,28473,2025-09-30,0
"Anchor Investment Management, LLC",28362,2025-09-30,-138
"Exeter Financial, LLC",28115,2025-09-30,0
UniSuper Management Pty Ltd,28086,2025-09-30,2001
NORTHEAST INVESTMENT MANAGEMENT,27938,2025-09-30,-1620
Independent Advisor Alliance,27927,2025-09-30,3250
"Advisory Services Network, LLC",27574,2025-09-30,278
CIBC WORLD MARKET INC.,27189,2025-09-30,-2048
OMERS ADMINISTRATION Corp,27169,2025-09-30,-1200
MONEY CONCEPTS CAPITAL CORP,27151,2025-09-30,-830
JANUS HENDERSON GROUP PLC,27053,2025-09-30,0
Kennondale Capital Management LLC,27039,2025-09-30,0
"Johnson Financial Group, Inc.",27010,2025-09-30,1644
"New Age Alpha Advisors, LLC",27000,2025-09-30,-359
"Sumitomo Mitsui DS Asset Management Company, Ltd",26645,2025-09-30,-83
"O'SHAUGHNESSY ASSET MANAGEMENT, LLC",25384,2025-09-30,3183
OREGON PUBLIC EMPLOYEES RETIREMENT FUND,25162,2025-09-30,6141
"NATIXIS ADVISORS, L.P.",25093,2025-09-30,480
"Leelyn Smith, LLC",24868,2025-09-30,1425
Tredje AP-fonden,24592,2025-09-30,4577
NEOS Investment Management LLC,24520,2025-09-30,7358
"Bragg Financial Advisors, Inc",24254,2025-09-30,-2062
BI Asset Management Fondsmaeglerselskab A/S,24106,2025-09-30,12839
TWIN CAPITAL MANAGEMENT INC,24103,2025-09-30,-6507
FARMERS & MERCHANTS INVESTMENTS INC,24017,2025-09-30,-165
MUTUAL OF AMERICA CAPITAL MANAGEMENT LLC,23816,2025-09-30,-1451
BEACON FINANCIAL GROUP,23746,2025-09-30,-2694
"State of Alaska, Department of Revenue",23618,2025-09-30,-1116
NORDEA INVESTMENT MANAGEMENT AB,23095,2025-09-30,2668
NJ State Employees Deferred Compensation Plan,23000,2025-09-30,0
Creative Planning,22793,2025-09-30,-374
"WILEY BROS.-AINTREE CAPITAL, LLC",22786,2025-09-30,1558
"SummitTX Capital, L.P.",22775,2025-09-30,-10125
ASSOCIATED BANC-CORP,22441,2025-09-30,-94
"Mutual Advisors, LLC",22016,2025-09-30,-30653
PEAK6 LLC,22004,2025-09-30,-19311
FIFTH THIRD BANCORP,21830,2025-09-30,-392
Brevan Howard Capital Management LP,21802,2025-09-30,1222
Elo Mutual Pension Insurance Co,21380,2025-09-30,-5028
Campbell & CO Investment Adviser LLC,21153,2025-09-30,18518
"Inlet Private Wealth, LLC",21100,2025-09-30,0
SVB WEALTH LLC,20845,2025-09-30,5624
Ethic Inc.,20800,2025-09-30,-2760
"Bayview Asset Management, LLC",20616,2025-09-30,20616
"Robinson Value Management, Ltd.",20451,2025-09-30,200
Ridgewood Investments LLC,20414,2025-09-30,957
PUBLIC EMPLOYEES RETIREMENT ASSOCIATION OF COLORADO,20401,2025-09-30,0
GRIES FINANCIAL LLC,20372,2025-09-30,6327
F/M Investments LLC,20181,2025-09-30,-413
TRUIST FINANCIAL CORP,20121,2025-09-30,-9417
FIRST NATIONAL TRUST CO,19697,2025-09-30,-1985
GREEN SQUARE CAPITAL ADVISORS LLC,19510,2025-09-30,0
"Rakuten Investment Management, Inc.",19372,2025-09-30,19372
MSH Capital Advisors LLC,19306,2025-09-30,0
"Freestone Capital Holdings, LLC",19306,2025-09-30,234
Verition Fund Management LLC,19124,2025-09-30,-78111
"Empowered Funds, LLC",19121,2025-09-30,-3598
"CULLEN/FROST BANKERS, INC.",18633,2025-09-30,-8679
Trajan Wealth LLC,18425,2025-09-30,2028
"Summit Trail Advisors, LLC",18340,2025-09-30,9795
Atlantic Union Bankshares Corp,18267,2025-09-30,17902
Roundview Capital LLC,18266,2025-09-30,-156
Plato Investment Management Ltd,18189,2025-09-30,4796
"Oak Asset Management, LLC",18005,2025-09-30,-2280
Unison Advisors LLC,17777,2025-09-30,224
"Pacer Advisors, Inc.",17689,2025-09-30,-349
Sigma Planning Corp,17596,2025-09-30,-1270
iA Global Asset Management Inc.,17564,2025-09-30,14904
TEACHERS RETIREMENT SYSTEM OF THE STATE OF KENTUCKY,17414,2025-09-30,0
"Colony Group, LLC",17395,2025-09-30,-568
"TOUNJIAN ADVISORY PARTNERS, LLC",17366,2025-09-30,17366
"United Asset Strategies, Inc.",16994,2025-09-30,135
"Brinker Capital Investments, LLC",16866,2025-09-30,-359
"GHE, LLC",16808,2025-09-30,-63
"QRG CAPITAL MANAGEMENT, INC.",16791,2025-09-30,-16726
"Carnegie Capital Asset Management, LLC",16644,2025-09-30,-265
Barton Investment Management,16440,2025-09-30,0
Columbia Asset Management,16434,2025-09-30,1470
SECURITY NATIONAL BANK OF SIOUX CITY IOWA /IA/,16379,2025-09-30,185
"Savant Capital, LLC",16292,2025-09-30,37
MIZUHO SECURITIES USA LLC,16003,2025-09-30,781
Lantz Financial LLC,15939,2025-09-30,170
"HORAN Wealth, LLC",15930,2025-09-30,-503
"Peak Retirement Planning, Inc.",15915,2025-09-30,2240
Kerusso Capital Management LLC,15879,2025-09-30,-950
"Poehling Capital Management, INC.",15732,2025-09-30,-25
Blackhawk Capital Partners LLC.,15649,2025-09-30,-5655
"Greenspring Advisors, LLC",15426,2025-09-30,15426
"BROWN, LISLE/CUMMINGS, INC.",15395,2025-09-30,-7160
ROCKLAND TRUST CO,15380,2025-09-30,-215
"BOKF, NA",15233,2025-09-30,-1253
PINNACLE ASSOCIATES LTD,15084,2025-09-30,-7
Y-Intercept (Hong Kong) Ltd,15001,2025-09-30,-9182
"Horizon Investments, LLC",14957,2025-09-30,3827
HRT FINANCIAL LP,14922,2025-09-30,-54519
"HARBOR INVESTMENT ADVISORY, LLC",14779,2025-09-30,177
"SG Americas Securities, LLC",14746,2025-09-30,-72034
Matrix Trust Co,14607,2025-09-30,-1458
"Kestra Investment Management, LLC",14597,2025-09-30,529
Verdence Capital Advisors LLC,14541,2025-09-30,-938
"PYA Waltman Capital, LLC",14445,2025-09-30,-7730
"Hennion & Walsh Asset Management, Inc.",14423,2025-09-30,371
"Drucker Wealth 3.0, LLC",14392,2025-09-30,7655
"DZ BANK AG Deutsche Zentral Genossenschafts Bank, Frankfurt am Main",14237,2025-09-30,10761
"Ironwood Investment Counsel, LLC",14177,2025-09-30,-57
SECURITY NATIONAL BANK OF SO DAK,14052,2025-09-30,-29
DAVIS R M INC,14015,2025-09-30,-5695
Donoghue Forlines LLC,13949,2025-09-30,-1540
"MML INVESTORS SERVICES, LLC",13930,2025-09-30,-112
Schonfeld Strategic Advisors LLC,13893,2025-09-30,10086
"ALLEN WEALTH MANAGEMENT, LLC",13855,2025-09-30,11378
Kentucky Retirement Systems,13734,2025-09-30,-320
JOHNSON INVESTMENT COUNSEL INC,13606,2025-09-30,423
Integrated Wealth Concepts LLC,13574,2025-09-30,3803
Sterling Capital Management LLC,13525,2025-09-30,-1035
BRADLEY FOSTER & SARGENT INC/CT,13502,2025-09-30,392
"Merit Financial Group, LLC",13487,2025-09-30,153
Vontobel Holding Ltd.,13456,2025-09-30,2292
"CULLEN INVESTMENT GROUP, LTD.",13387,2025-09-30,-47
CREDIT INDUSTRIEL ET COMMERCIAL,13053,2025-09-30,-1931
CREATIVE FINANCIAL DESIGNS INC /ADV,13037,2025-09-30,1614
"Norinchukin Bank, The",12925,2025-09-30,268
"Confluence Wealth Services, Inc.",12786,2025-09-30,521
HARTFORD INVESTMENT MANAGEMENT CO,12739,2025-09-30,-384
"Twin Tree Management, LP",12693,2025-09-30,-81176
Arvest Bank Trust Division,12532,2025-09-30,-575
"Hedeker Wealth, LLC",12517,2025-09-30,1023
"Birch Capital Management, LLC",12493,2025-09-30,-997
"Kesler, Norman & Wride, LLC",12460,2025-09-30,-2203
"Colony Family Offices, LLC",12428,2025-09-30,0
"Premier Path Wealth Partners, LLC",12253,2025-09-30,-558
"FORVIS Wealth Advisors, LLC",12235,2025-09-30,-925
HUNTINGTON NATIONAL BANK,12154,2025-09-30,-1607
HENDLEY & CO INC,12145,2025-09-30,-17631
Gulf International Bank (UK) Ltd,12137,2025-09-30,-225
"Symphony Financial, Ltd. Co.",12095,2025-09-30,23
Lindsell Train Ltd,12000,2025-09-30,0
Timelo Investment Management Inc.,12000,2025-09-30,12000
Argent Trust Co,11867,2025-09-30,-227
RBO & CO LLC,11843,2025-09-30,-80929
MOGY JOEL R INVESTMENT COUNSEL INC,11700,2025-09-30,0
Quantbot Technologies LP,11650,2025-09-30,-7603
LOWE BROCKENBROUGH & CO INC,11602,2025-09-30,-216
"PROMETHIUM ADVISORS,LLC",11578,2025-09-30,-465
Louisiana State Employees Retirement System,11500,2025-09-30,-100
SHELL ASSET MANAGEMENT CO,11437,2025-09-30,-11264
"Toroso Investments, LLC",11354,2025-09-30,-3272
TRUST CO OF VERMONT,11224,2025-09-30,-183
Arkadios Wealth Advisors,11212,2025-09-30,209
SYNOVUS FINANCIAL CORP,11204,2025-09-30,186
"Verity Asset Management, Inc.",11186,2025-09-30,1735
"Vident Advisory, LLC",11163,2025-09-30,157
"Aviance Capital Partners, LLC",11013,2025-09-30,-20
NOMURA HOLDINGS INC,10985,2025-09-30,5713
"Apollon Wealth Management, LLC",10968,2025-09-30,885
"Metis Global Partners, LLC",10968,2025-09-30,-673
"GHP Investment Advisors, Inc.",10965,2025-09-30,-5295
"Clearstead Advisors, LLC",10877,2025-09-30,-315
"Ashton Thomas Private Wealth, LLC",10837,2025-09-30,3725
"U.S. Capital Wealth Advisors, LLC",10746,2025-09-30,1327
Strategic Investment Advisors / MI,10731,2025-09-30,-320
Maryland State Retirement & Pension System,10684,2025-09-30,431
HALL CAPITAL MANAGEMENT CO INC,10610,2025-09-30,-105
INTECH INVESTMENT MANAGEMENT LLC,10559,2025-09-30,10559
"SECURIAN ASSET MANAGEMENT, INC",10533,2025-09-30,-874
DELTA FINANCIAL ADVISORS LLC,10492,2025-09-30,581
BEACON INVESTMENT ADVISORS LLC,10394,2025-09-30,138
Wealthcare Advisory Partners LLC,10386,2025-09-30,723
"Argent Advisors, Inc.",10378,2025-09-30,199
E. Ohman J:or Asset Management AB,10253,2025-09-30,0
Zurich Insurance Group Ltd/FI,10200,2025-09-30,0
AG2R LA MONDIALE GESTION D'ACTIFS,10123,2025-09-30,0
Carnegie Lake Advisors LLC,10035,2025-09-30,0
"Douglass Winthrop Advisors, LLC",10000,2025-09-30,0
NEW MEXICO EDUCATIONAL RETIREMENT BOARD,9987,2025-09-30,-400
"Crossmark Global Holdings, Inc.",9851,2025-09-30,-386
"Atria Investments, Inc",9835,2025-09-30,2566
"Wealthcare Capital Partners, LLC",9813,2025-09-30,52
"Union Heritage Capital, LLC",9731,2025-09-30,0
"INTERNATIONAL ASSETS INVESTMENT MANAGEMENT, LLC",9699,2025-09-30,0
Hills Bank & Trust Co,9525,2025-09-30,-833
Banque Cantonale Vaudoise,9491,2025-09-30,-15098
WINNOW WEALTH LLC,9435,2025-09-30,9335
GROUPAMA ASSET MANAGMENT,9293,2025-09-30,6069
"ARVEST INVESTMENTS, INC.",9289,2025-09-30,-69
Capitolis Liquid Global Markets LLC,9200,2025-09-30,0
Principle Wealth Partners LLC,9125,2025-09-30,0
"Ameritas Investment Partners, Inc.",9084,2025-09-30,-6682
"TWIN FOCUS CAPITAL PARTNERS, LLC",9000,2025-09-30,0
AGF MANAGEMENT LTD,8980,2025-09-30,6736
"Allspring Global Investments Holdings, LLC",8971,2025-09-30,-391
"Sunbelt Securities, Inc.",8954,2025-09-30,5712
Centennial Wealth Advisory LLC,8936,2025-09-30,500
"Capital Investment Advisory Services, LLC",8933,2025-09-30,197
"Wealthspire Advisors, LLC",8896,2025-09-30,-3434
THRIVENT FINANCIAL FOR LUTHERANS,8874,2025-09-30,-202
"Provident Investment Management, Inc.",8822,2025-09-30,375
DAVENPORT & Co LLC,8784,2025-09-30,-169
CARY STREET PARTNERS FINANCIAL LLC,8714,2025-09-30,1136
STEPHENS INC /AR/,8638,2025-09-30,-13413
WEDBUSH SECURITIES INC,8635,2025-09-30,328
Belpointe Asset Management LLC,8598,2025-09-30,-268
NATIXIS,8544,2025-09-30,413
"TCM Advisors, LLC",8518,2025-09-30,-882
Thoma Capital Management LLC,8399,2025-09-30,1037
MAI Capital Management,8395,2025-09-30,326
Simmons Bank,8377,2025-09-30,-872
GATEWAY INVESTMENT ADVISERS LLC,8366,2025-09-30,1772
"PHYSICIANS FINANCIAL SERVICES, INC.",8346,2025-09-30,-34
"Sepio Capital, LP",8327,2025-09-30,46
"JANE STREET GROUP, LLC",8302,2025-09-30,8302
"Farther Finance Advisors, LLC",8270,2025-09-30,971
"SlateStone Wealth, LLC",8160,2025-09-30,500
SouthState Corp,8120,2025-09-30,-562
Tufton Capital Management,8107,2025-09-30,-158
"Empirical Finance, LLC",8052,2025-09-30,70
"Capstone Triton Financial Group, LLC",8049,2025-09-30,-98
JT Stratford LLC,8046,2025-09-30,-5018
BRYN MAWR TRUST Co,7919,2025-09-30,-2749
"Private Advisor Group, LLC",7846,2025-09-30,767
"Elevated Capital Advisors, LLC",7764,2025-09-30,-663
Gladstone Institutional Advisory LLC,7716,2025-09-30,-18048
"Blume Capital Management, Inc.",7710,2025-09-30,-15
Enhancing Capital LLC,7650,2025-09-30,0
Waldron Private Wealth LLC,7649,2025-09-30,-557
"CHOREO, LLC",7599,2025-09-30,-232
Aster Capital Management (DIFC) Ltd,7536,2025-09-30,264
FIL Ltd,7522,2025-09-30,-287
BURNEY CO/,7522,2025-09-30,-3463
XTX Topco Ltd,7504,2025-09-30,7504
"Midwest Professional Planners, LTD.",7504,2025-09-30,-7
MARTINGALE ASSET MANAGEMENT L P,7470,2025-09-30,40
"Pine Haven Investment Counsel, Inc",7450,2025-09-30,-332
ALLSTATE CORP,7427,2025-09-30,7427
"RiverFront Investment Group, LLC",7400,2025-09-30,7400
Twelve Points Wealth Management LLC,7398,2025-09-30,-1216
Weiss Asset Management LP,7339,2025-09-30,7339
MOKAN Wealth Management Inc.,7321,2025-09-30,-463
"Summit Financial, LLC",7273,2025-09-30,622
ROTHSCHILD INVESTMENT LLC,7230,2025-09-30,-92
MOLLER FINANCIAL SERVICES,7205,2025-09-30,0
"Cushing Capital Partners, LLC",7179,2025-09-30,72
GROESBECK INVESTMENT MANAGEMENT CORP /NJ/,7128,2025-09-30,-2874
"Dai-Ichi Life Insurance Company, Ltd",7094,2025-09-30,-1333
HARTLINE INVESTMENT CORP/,7070,2025-09-30,0
"Weaver C. Barksdale & Associates, Inc.",7060,2025-09-30,-452
Benin Management CORP,7019,2025-09-30,-150
"NORTHWESTERN MUTUAL INVESTMENT MANAGEMENT COMPANY, LLC",7002,2025-09-30,-26
"Quantitative Investment Management, LLC",6980,2025-09-30,6980
"Retireful, LLC",6957,2025-09-30,6957
"Steward Partners Investment Advisory, LLC",6914,2025-09-30,-10096
AMERICAN NATIONAL BANK,6907,2025-09-30,1035
Siemens Fonds Invest GmbH,6850,2025-09-30,-17
"CFS Investment Advisory Services, LLC",6838,2025-09-30,-159
"CAPSTONE INVESTMENT ADVISORS, LLC",6826,2025-09-30,-6645
CARDEROCK CAPITAL MANAGEMENT INC,6825,2025-09-30,-1400
"WBI INVESTMENTS, INC.",6802,2025-09-30,6802
"UNITED CAPITAL FINANCIAL ADVISERS, LLC",6793,2025-09-30,-528
"Bard Financial Services, Inc.",6750,2025-09-30,2725
OLD POINT TRUST & FINANCIAL SERVICES N A,6725,2025-09-30,-1400
COLDSTREAM CAPITAL MANAGEMENT INC,6677,2025-09-30,1362
TOKIO MARINE ASSET MANAGEMENT CO LTD,6582,2025-09-30,768
OSSIAM,6562,2025-09-30,-10247
Engineers Gate Manager LP,6523,2025-09-30,6523
Nautilus Advisors LLC,6501,2025-09-30,46
Quest Partners LLC,6440,2025-09-30,2960
"BANCO BILBAO VIZCAYA ARGENTARIA, S.A.",6435,2025-09-30,1749
Investors Research Corp,6392,2025-09-30,0
"Cove Private Wealth, LLC",6225,2025-09-30,0
"Empirical Asset Management, LLC",6205,2025-09-30,239
"Ironvine Capital Partners, LLC",6100,2025-09-30,0
BROWN BROTHERS HARRIMAN & CO,6092,2025-09-30,393
NEVILLE RODIE & SHAW INC,6075,2025-09-30,0
"Retirement Planning Co of New England, Inc.",6057,2025-09-30,289
"Kovitz Investment Group Partners, LLC",6011,2025-09-30,1751
GAMMA Investing LLC,6000,2025-09-30,810
PARK AVENUE SECURITIES LLC,5981,2025-09-30,773
"TRANSCEND CAPITAL ADVISORS, LLC",5961,2025-09-30,5961
NORDEN GROUP LLC,5949,2025-09-30,695
MUFG SECURITIES AMERICAS INC.,5925,2025-09-30,1042
"AlphaStar Capital Management, LLC",5885,2025-09-30,204
"LifeWealth Investments, LLC",5870,2025-09-30,35
"Global X Japan Co., Ltd.",5850,2025-09-30,-1160
PRUDENTIAL PLC,5845,2025-09-30,0
"Apex Wealth Management, LLC",5801,2025-09-30,69
HighPoint Advisor Group LLC,5796,2025-09-30,-497
Tudor Financial Inc.,5780,2025-09-30,1
"Sequoia Financial Advisors, LLC",5775,2025-09-30,-365
Kentucky Retirement Systems Insurance Trust Fund,5757,2025-09-30,-207
"OmniStar Financial Group, Inc.",5733,2025-09-30,2895
"Lido Advisors, LLC",5732,2025-09-30,513
Hardy Reed LLC,5711,2025-09-30,0
"DAYMARK WEALTH PARTNERS, LLC",5665,2025-09-30,-1162
"UMB Bank, n.a.",5571,2025-09-30,-611
"Nilsine Partners, LLC",5519,2025-09-30,54
Altus Wealth Group LLC,5516,2025-09-30,-712
"Davis Investment Partners, LLC",5494,2025-09-30,-585
"Forum Financial Management, LP",5488,2025-09-30,58
"West Oak Capital, LLC",5450,2025-09-30,-305
Allworth Financial LP,5426,2025-09-30,90
"Callan Family Office, LLC",5407,2025-09-30,331
Howard Capital Management Inc.,5382,2025-09-30,366
"J.W. COLE ADVISORS, INC.",5346,2025-09-30,-232
"City Center Advisors, LLC",5338,2025-09-30,2118
"Trek Financial, LLC",5310,2025-09-30,21
"CERTUITY, LLC",5278,2025-09-30,909
Jacobi Capital Management LLC,5268,2025-09-30,80
"Fidelis Capital Partners, LLC",5258,2025-09-30,5258
"Wynn Capital, LLC",5241,2025-09-30,136
STRS OHIO,5231,2025-09-30,-18588
"EXCHANGE TRADED CONCEPTS, LLC",5216,2025-09-30,4266
TOWNSQUARE CAPITAL LLC,5195,2025-09-30,-602
Lynx Investment Advisory,5179,2025-09-30,-213
"Parallel Advisors, LLC",5156,2025-09-30,14
REGIONS FINANCIAL CORP,5079,2025-09-30,197
BOURNE LENT ASSET MANAGEMENT INC,5067,2025-09-30,0
BESSEMER GROUP INC,5048,2025-09-30,-18074
MCF Advisors LLC,4959,2025-09-30,3243
"Resources Investment Advisors, LLC.",4935,2025-09-30,35
"BHK Investment Advisors, LLC",4919,2025-09-30,-49
"Catalytic Wealth RIA, LLC",4889,2025-09-30,2595
EVERENCE CAPITAL MANAGEMENT INC,4850,2025-09-30,0
"GREAT VALLEY ADVISOR GROUP, INC.",4801,2025-09-30,-425
Integrated Advisors Network LLC,4772,2025-09-30,1038
Canada Post Corp Registered Pension Plan,4766,2025-09-30,780
International Private Wealth Advisors LLC,4752,2025-09-30,-583
"MISSION WEALTH MANAGEMENT, LP",4718,2025-09-30,-26
Westerkirk Capital Inc.,4700,2025-09-30,0
Center For Asset Management LLC,4681,2025-09-30,0
LAZARD ASSET MANAGEMENT LLC,4670,2025-09-30,4670
"Capital Management Associates, Inc",4607,2025-09-30,3
"Western Wealth Management, LLC",4600,2025-09-30,199
Aurora Investment Counsel,4557,2025-09-30,-28
"EntryPoint Capital, LLC",4532,2025-09-30,4532
Gen-Wealth Partners Inc,4527,2025-09-30,-56
"CWA Asset Management Group, LLC",4500,2025-09-30,-27059
"Turtle Creek Wealth Advisors, LLC",4489,2025-09-30,4489
"Applied Finance Capital Management, LLC",4451,2025-09-30,-1251
Curbstone Financial Management Corp,4450,2025-09-30,0
"Pinnacle Wealth Management Advisory Group, LLC",4440,2025-09-30,-95
"Bank Julius Baer & Co. Ltd, Zurich",4403,2025-09-30,-4
"KESTRA PRIVATE WEALTH SERVICES, LLC",4382,2025-09-30,-449
Spears Abacus Advisors LLC,4376,2025-09-30,-3
WHITTIER TRUST CO OF NEVADA INC,4366,2025-09-30,-780
Vestcor Inc,4353,2025-09-30,0
"LVW Advisors, LLC",4341,2025-09-30,509
Tower Research Capital LLC (TRC),4334,2025-09-30,-6861
"OBERMEYER WOOD INVESTMENT COUNSEL, LLLP",4326,2025-09-30,0
Venture Visionary Partners LLC,4310,2025-09-30,0
"SRS Capital Advisors, Inc.",4304,2025-09-30,3153
Krane Funds Advisors LLC,4289,2025-09-30,-540
"Impact Partnership Wealth, LLC",4257,2025-09-30,-494
"Farringdon Capital, Ltd.",4214,2025-09-30,-2314
MUFG Securities EMEA plc,4205,2025-09-30,3549
TRUST CO OF TOLEDO NA /OH/,4189,2025-09-30,0
FOSTER & MOTLEY INC,4172,2025-09-30,239
"KINGSWOOD WEALTH ADVISORS, LLC",4142,2025-09-30,1870
Guinness Asset Management LTD,4082,2025-09-30,458
"SITTNER & NELSON, LLC",4079,2025-09-30,501
"FERGUSON WELLMAN CAPITAL MANAGEMENT, INC",4074,2025-09-30,66
"Valeo Financial Advisors, LLC",4044,2025-09-30,435
"NORTHCAPE WEALTH MANAGEMENT, LLC",4035,2025-09-30,0
"Abel Hall, LLC",4034,2025-09-30,12
Apriem Advisors,4020,2025-09-30,-291
"Graham Capital Management, L.P.",4000,2025-09-30,4000
BAMCO INC /NY/,4000,2025-09-30,0
"Concurrent Investment Advisors, LLC",3988,2025-09-30,-55
Truvestments Capital LLC,3987,2025-09-30,3987
US Asset Management LLC,3948,2025-09-30,0
EVERGREEN CAPITAL MANAGEMENT LLC,3922,2025-09-30,-19
"GPS Wealth Strategies Group, LLC",3916,2025-09-30,-625
LOGAN CAPITAL MANAGEMENT INC,3879,2025-09-30,123
"Main Street Financial Solutions, LLC",3805,2025-09-30,103
AlphaCore Capital LLC,3791,2025-09-30,-325
Rockefeller Capital Management L.P.,3784,2025-09-30,3784
WBH ADVISORY INC,3778,2025-09-30,0
"Graves Light Lenhart Wealth, Inc.",3769,2025-09-30,802
Polymer Capital Management (HK) LTD,3768,2025-09-30,3768
"IFP Advisors, Inc",3764,2025-09-30,15
"PharVision Advisers, LLC",3757,2025-09-30,3757
State of Wyoming,3754,2025-09-30,-277
LGT Group Foundation,3750,2025-09-30,0
Nexus Investment Management ULC,3740,2025-09-30,0
"Stratos Wealth Partners, LTD.",3724,2025-09-30,1
"TIAA TRUST, NATIONAL ASSOCIATION",3713,2025-09-30,-51
"ASAHI LIFE ASSET MANAGEMENT CO., LTD.",3710,2025-09-30,0
Pictet & Cie (Europe) SA,3705,2025-09-30,52
River Wealth Advisors LLC,3661,2025-09-30,0
Keystone Financial Group,3655,2025-09-30,30
Prospera Financial Services Inc,3645,2025-09-30,-2431
"RMB Capital Management, LLC",3572,2025-09-30,480
Midwest Financial Group LLC,3490,2025-09-30,175
FOUNDERS FINANCIAL SECURITIES LLC,3452,2025-09-30,-217
Pallas Capital Advisors LLC,3430,2025-09-30,81
"VISIONARY HORIZONS, LLC",3410,2025-09-30,-255
Versor Investments LP,3403,2025-09-30,3403
S-Bank Fund Management Ltd,3387,2025-09-30,-44
"West Financial Advisors, LLC",3385,2025-09-30,0
"Caprock Group, LLC",3364,2025-09-30,3364
"Kingsview Wealth Management, LLC",3323,2025-09-30,124
Accel Wealth Management,3312,2025-09-30,-519
MGO ONE SEVEN LLC,3298,2025-09-30,3298
Davis Capital Management,3281,2025-09-30,3281
MOODY NATIONAL BANK TRUST DIVISION,3254,2025-09-30,948
"Clear Harbor Asset Management, LLC",3247,2025-09-30,2
Heritage Trust Co,3235,2025-09-30,0
"Miracle Mile Advisors, LLC",3235,2025-09-30,965
EXCALIBUR MANAGEMENT CORP,3226,2025-09-30,-37
GSA CAPITAL PARTNERS LLP,3220,2025-09-30,-1114
"PERSONAL CFO SOLUTIONS, LLC",3214,2025-09-30,225
Strategic Advisors LLC,3200,2025-09-30,750
Chicago Partners Investment Group LLC,3181,2025-09-30,444
Bellecapital International Ltd.,3177,2025-09-30,-14035
WESBANCO BANK INC,3163,2025-09-30,-113
"Hopwood Financial Services, Inc.",3159,2025-09-30,-100
PLIMOTH TRUST CO LLC,3146,2025-09-30,-575
"Brown Miller Wealth Management, LLC",3141,2025-09-30,0
CENTRAL TRUST Co,3139,2025-09-30,4
"Annis Gardner Whiting Capital Advisors, LLC",3103,2025-09-30,2083
"Private Wealth Partners, LLC",3100,2025-09-30,0
"Global Retirement Partners, LLC",3093,2025-09-30,-2009
"MTM Investment Management, LLC",3060,2025-09-30,-234
VAUGHAN DAVID INVESTMENTS LLC/IL,3050,2025-09-30,-488
"EVOKE WEALTH, LLC",3037,2025-09-30,67
Abich Financial Wealth Management LLC,3031,2025-09-30,3031
Deseret Mutual Benefit Administrators,3027,2025-09-30,199
SYON CAPITAL LLC,3022,2025-09-30,305
Martel Wealth Advisors Inc,3000,2025-09-30,0
"Modern Wealth Management, LLC",2992,2025-09-30,-245
Saratoga Research & Investment Management,2986,2025-09-30,0
Crestwood Advisors Group LLC,2981,2025-09-30,715
CLIFFORD SWAN INVESTMENT COUNSEL LLC,2973,2025-09-30,-2
"Investor's Fiduciary Advisor Network, LLC",2967,2025-09-30,2967
HBK Sorce Advisory LLC,2934,2025-09-30,30
SAWGRASS ASSET MANAGEMENT LLC,2928,2025-09-30,479
Essex Savings Bank,2914,2025-09-30,100
BankPlus Trust Department,2899,2025-09-30,2860
PROFUND ADVISORS LLC,2898,2025-09-30,434
Tennessee Valley Asset Management Partners,2897,2025-09-30,2897
Voleon Capital Management LP,2895,2025-09-30,2895
Purkiss Capital Advisors LLC,2889,2025-09-30,2889
"Joule Financial, LLC",2886,2025-09-30,-38
"Hoxton Planning & Management, LLC",2834,2025-09-30,210
Triumph Capital Management,2834,2025-09-30,-48
"Tortoise Investment Management, LLC",2833,2025-09-30,3
"Horizon Advisory Services, Inc.",2818,2025-09-30,-48
"LANDSCAPE CAPITAL MANAGEMENT, L.L.C.",2798,2025-09-30,-1538
Dorsey & Whitney Trust CO LLC,2792,2025-09-30,10
CX Institutional,2780,2025-09-30,1524
"Financial Advisors Network, Inc.",2778,2025-09-30,157
"Legacy Financial Strategies, LLC",2776,2025-09-30,89
CIDEL ASSET MANAGEMENT INC,2728,2025-09-30,0
Coastline Trust Co,2720,2025-09-30,0
WETHERBY ASSET MANAGEMENT INC,2705,2025-09-30,-40
PRIVATE TRUST CO NA,2699,2025-09-30,55
HOLLENCREST CAPITAL MANAGEMENT,2698,2025-09-30,0
"Modera Wealth Management, LLC",2673,2025-09-30,0
"Cornerstone Wealth Management, LLC",2673,2025-09-30,202
LCNB CORP,2663,2025-09-30,-235
First Affirmative Financial Network,2638,2025-09-30,131
TEMA ETFS LLC,2635,2025-09-30,2635
Revisor Wealth Management LLC,2633,2025-09-30,-827
MIZUHO MARKETS AMERICAS LLC,2623,2025-09-30,-480
Aaron Wealth Advisors LLC,2620,2025-09-30,2620
Traub Capital Management LLC,2610,2025-09-30,-80
"AFT, FORSYTH & COMPANY, INC.",2610,2025-09-30,-790
CULLINAN ASSOCIATES INC,2600,2025-09-30,0
"WOLVERINE TRADING, LLC",2598,2025-09-30,-2040
"Lifeworks Advisors, LLC",2597,2025-09-30,214
"Bill Few Associates, Inc.",2587,2025-09-30,10
LaFleur & Godfrey LLC,2580,2025-09-30,0
FIDUCIARY TRUST CO,2579,2025-09-30,111
Trust Asset Management LLC,2568,2025-09-30,0
"Court Place Advisors, LLC",2562,2025-09-30,-99
Rathbones Group PLC,2500,2025-09-30,2500
TL Private Wealth,2500,2025-09-30,0
"PATTON FUND MANAGEMENT, INC.",2490,2025-09-30,0
"TCI Wealth Advisors, Inc.",2448,2025-09-30,28
"WHITENER CAPITAL MANAGEMENT, INC.",2445,2025-09-30,-900
Lincoln Capital LLC,2430,2025-09-30,24
MOUNTAIN PACIFIC INVESTMENT ADVISERS INC/ID,2415,2025-09-30,0
"PRESILIUM PRIVATE WEALTH, LLC",2412,2025-09-30,0
SIT INVESTMENT ASSOCIATES INC,2375,2025-09-30,0
Wedmont Private Capital,2366,2025-09-30,137
"Kera Capital Partners, Inc.",2356,2025-09-30,90
"Liberty Capital Management, Inc.",2329,2025-09-30,0
"Coordinated Financial Services, Inc.",2325,2025-09-30,50
"United Advisor Group, LLC",2319,2025-09-30,155
ARROW FINANCIAL CORP,2303,2025-09-30,-25
"BARNES PETTEY FINANCIAL ADVISORS, LLC",2300,2025-09-30,0
"RFG Advisory, LLC",2292,2025-09-30,-1374
"FAIRVIEW CAPITAL INVESTMENT MANAGEMENT, LLC",2281,2025-09-30,0
"Atomi Financial Group, Inc.",2270,2025-09-30,196
Steel Peak Wealth Management LLC,2253,2025-09-30,-500
"Prime Capital Investment Advisors, LLC",2251,2025-09-30,63
"PFG Investments, LLC",2249,2025-09-30,102
"HAZLETT, BURT & WATSON, INC.",2240,2025-09-30,-260
Soltis Investment Advisors LLC,2239,2025-09-30,2239
"Gallagher Fiduciary Advisors, LLC",2229,2025-09-30,-93
"Aptus Capital Advisors, LLC",2204,2025-09-30,2204
VAN STRUM & TOWNE INC.,2200,2025-09-30,0
IQ EQ FUND MANAGEMENT (IRELAND) Ltd,2190,2025-09-30,0
Prostatis Group LLC,2179,2025-09-30,30
Covestor Ltd,2179,2025-09-30,-44
Farmers National Bank,2162,2025-09-30,-170
Phoenix Wealth Advisors,2160,2025-09-30,-42
Archer Investment Corp,2157,2025-09-30,0
PEAPACK GLADSTONE FINANCIAL CORP,2137,2025-09-30,30
"SAGESPRING WEALTH PARTNERS, LLC",2130,2025-09-30,-584
"YHB Investment Advisors, Inc.",2124,2025-09-30,2124
"Vise Technologies, Inc.",2110,2025-09-30,2110
"SC&H Financial Advisors, Inc.",2101,2025-09-30,-1689
"FEDERATED HERMES, INC.",2081,2025-09-30,-73
"Weil Company, Inc.",2080,2025-09-30,2080
CLEAR STREET MARKETS LLC,2078,2025-09-30,1929
Smartleaf Asset Management LLC,2074,2025-09-30,1032
IRON Financial LLC,2057,2025-09-30,2057
LANDAAS & CO /WI /ADV,2053,2025-09-30,2053
CIGNA INVESTMENTS INC /NEW,2052,2025-09-30,2052
"Checchi Capital Advisers, LLC",2044,2025-09-30,2044
Paulson Wealth Management Inc.,2043,2025-09-30,2043
FUKOKU MUTUAL LIFE INSURANCE Co,2039,2025-09-30,2039
"LEAVELL INVESTMENT MANAGEMENT, INC.",2036,2025-09-30,-657
"Koshinski Asset Management, Inc.",2030,2025-09-30,2030
"Independent Solutions Wealth Management, LLC",2022,2025-09-30,-132
NICOLET BANKSHARES INC,2008,2025-09-30,2008
"GenTrust, LLC",2004,2025-09-30,2004
Operose Advisors LLC,2000,2025-09-30,0
"Skopos Labs, Inc.",1997,2025-09-30,441
"Avidian Wealth Solutions, LLC",1977,2025-09-30,1977
"MATTERN CAPITAL MANAGEMENT, LLC",1976,2025-09-30,-81091
"Ameritas Advisory Services, LLC",1973,2025-09-30,1776
111 Capital,1961,2025-09-30,1961
"Lewis Asset Management, LLC",1950,2025-09-30,1950
"Main Street Group, LTD",1920,2025-09-30,0
"NICOLET ADVISORY SERVICES, LLC",1900,2025-09-30,1900
"Versant Capital Management, Inc",1821,2025-09-30,137
BARTLETT & CO. WEALTH MANAGEMENT LLC,1742,2025-09-30,-470
Manchester Capital Management LLC,1738,2025-09-30,-97151
CI INVESTMENTS INC.,1686,2025-09-30,218
ACADIAN ASSET MANAGEMENT LLC,1675,2025-09-30,1675
"PRINCIPAL SECURITIES, INC.",1633,2025-09-30,-409
Y.D. More Investments Ltd,1615,2025-09-30,72
"Livforsakringsbolaget Skandia, Omsesidigt",1597,2025-09-30,0
OSTRUM ASSET MANAGEMENT,1582,2025-09-30,-49
Larson Financial Group LLC,1576,2025-09-30,13
VALLEY NATIONAL ADVISERS INC,1547,2025-09-30,-1515
Colonial Trust Co / SC,1541,2025-09-30,-101
PERRITT CAPITAL MANAGEMENT INC,1509,2025-09-30,0
C M BIDWELL & ASSOCIATES LTD,1489,2025-09-30,1489
"JFS WEALTH ADVISORS, LLC",1481,2025-09-30,1003
"EverSource Wealth Advisors, LLC",1455,2025-09-30,-91
Alpine Bank Wealth Management,1450,2025-09-30,0
South Dakota Investment Council,1398,2025-09-30,0
Key FInancial Inc,1364,2025-09-30,0
"Rossby Financial, LCC",1351,2025-09-30,6
"SIGNATUREFD, LLC",1271,2025-09-30,897
Geneos Wealth Management Inc.,1243,2025-09-30,62
"SBI Securities Co., Ltd.",1204,2025-09-30,-8
"Financiere des Professionnels - Fonds d,investissement inc.",1200,2025-09-30,0
WHITTIER TRUST CO,1200,2025-09-30,-105
"Sachetta, LLC",1191,2025-09-30,140
"Clearstead Trust, LLC",1097,2025-09-30,-139
"ROCKY MOUNTAIN ADVISERS, LLC",1055,2025-09-30,1055
"Newbridge Financial Services Group, Inc.",1051,2025-09-30,-64
MASSMUTUAL TRUST CO FSB/ADV,1033,2025-09-30,16
"THOMPSON INVESTMENT MANAGEMENT, INC.",1000,2025-09-30,0
Generali Asset Management SPA SGR,995,2025-09-30,-9240
DUNCKER STREETT & CO INC,950,2025-09-30,0
MASECO LLP,950,2025-09-30,12
QUADRANT CAPITAL GROUP LLC,937,2025-09-30,937
"AMERIFLEX GROUP, INC.",934,2025-09-30,563
"HARBOUR INVESTMENTS, INC.",864,2025-09-30,69
"Winthrop Capital Management, LLC",822,2025-09-30,822
"CVA Family Office, LLC",811,2025-09-30,-20
"Ronald Blue Trust, Inc.",792,2025-09-30,-13
"HANTZ FINANCIAL SERVICES, INC.",787,2025-09-30,86
"ZIONS BANCORPORATION, NATIONAL ASSOCIATION /UT/",768,2025-09-30,9
"FINANCIAL CONSULATE, INC",764,2025-09-30,764
"DT Investment Partners, LLC",700,2025-09-30,0
CNB Bank,686,2025-09-30,0
"Roble, Belko & Company, Inc",660,2025-09-30,0
"Curat Global, LLC",659,2025-09-30,1
"Western Pacific Wealth Management, LP",635,2025-09-30,0
"Grey Fox Wealth Advisors, LLC",630,2025-09-30,630
Cromwell Holdings LLC,621,2025-09-30,191
FIRST HORIZON CORP,600,2025-09-30,600
Keener Financial Planning LLC,600,2025-09-30,0
Security National Bank,600,2025-09-30,0
Quarry LP,598,2025-09-30,598
"ONEFUND, LLC",595,2025-09-30,19
North Star Investment Management Corp.,547,2025-09-30,0
"Carolina Wealth Advisors, LLC",530,2025-09-30,530
"Sawyer & Company, Inc",500,2025-09-30,0
Heartwood Wealth Advisors LLC,500,2025-09-30,500
SENTRY INVESTMENT MANAGEMENT LLC,481,2025-09-30,-156
"Bogart Wealth, LLC",459,2025-09-30,6
Addison Advisors LLC,444,2025-09-30,92
ORG Partners LLC,435,2025-09-30,12
"Plante Moran Financial Advisors, LLC",426,2025-09-30,0
"Smallwood Wealth Investment Management, LLC",426,2025-09-30,0
EVERMAY WEALTH MANAGEMENT LLC,415,2025-09-30,0
Spire Wealth Management,383,2025-09-30,-303
Silvant Capital Management LLC,381,2025-09-30,0
"GW&K Investment Management, LLC",378,2025-09-30,7
"Quent Capital, LLC",376,2025-09-30,376
"Signature Resources Capital Management, LLC",366,2025-09-30,0
Clean Yield Group,351,2025-09-30,0
Bangor Savings Bank,350,2025-09-30,0
Perkins Coie Trust Co,345,2025-09-30,0
"Salomon & Ludwin, LLC",317,2025-09-30,145
CARY STREET PARTNERS INVESTMENT ADVISORY LLC,317,2025-09-30,73
CITY HOLDING CO,312,2025-09-30,-202
Advantage Trust Co,305,2025-09-30,0
"Root Financial Partners, LLC",295,2025-09-30,295
Walleye Capital LLC,292,2025-09-30,-62
OGOREK ANTHONY JOSEPH /NY/ /ADV,279,2025-09-30,3
Parkside Financial Bank & Trust,253,2025-09-30,-316
"Capital Advisors, Ltd. LLC",253,2025-09-30,0
Citizens National Bank Trust Department,250,2025-09-30,0
FIRST FINANCIAL CORP /IN/,250,2025-09-30,0
Hemington Wealth Management,250,2025-09-30,26
"Strategic Wealth Partners, Ltd.",249,2025-09-30,0
Rosenberg Matthew Hamilton,242,2025-09-30,0
Piscataqua Savings Bank,241,2025-09-30,0
"CURIO WEALTH, LLC",235,2025-09-30,-181
"NBC SECURITIES, INC.",234,2025-09-30,0
Employees Retirement System of Texas,227,2025-09-30,-1203
"FOSTER DYKEMA CABOT & PARTNERS, LLC",224,2025-09-30,224
Bank of New Hampshire,220,2025-09-30,-485
"Vermillion & White Wealth Management Group, LLC",212,2025-09-30,-107
Bank & Trust Co,206,2025-09-30,0
"CoreCap Advisors, LLC",203,2025-09-30,1
TD Waterhouse Canada Inc.,201,2025-09-30,-49
"Financial Freedom, LLC",200,2025-09-30,0
EASTERN BANK,200,2025-09-30,0
Pacifica Partners Inc.,200,2025-09-30,-20
MONETARY MANAGEMENT GROUP INC,200,2025-09-30,0
Cornerstone Planning Group LLC,198,2025-09-30,168
"Private Wealth Management Group, LLC",190,2025-09-30,0
Raleigh Capital Management Inc.,190,2025-09-30,2
"Asset Dedication, LLC",186,2025-09-30,0
Smithfield Trust Co,185,2025-09-30,0
"WealthCollab, LLC",180,2025-09-30,0
"Golden State Wealth Management, LLC",178,2025-09-30,72
FIRST UNITED BANK & TRUST,175,2025-09-30,0
"North Ridge Wealth Advisors, Inc.",160,2025-09-30,0
Hilltop National Bank,155,2025-09-30,0
Raiffeisen Bank International AG,150,2025-09-30,150
"Ransom Advisory, Ltd",150,2025-09-30,0
"Atlantic Private Wealth, LLC",150,2025-09-30,0
"Bruce G. Allen Investments, LLC",150,2025-09-30,0
TOWARZYSTWO FUNDUSZY INWESTYCYJNYCH PZU SA,150,2025-09-30,0
MONTAG A & ASSOCIATES INC,140,2025-09-30,0
"Fourth Dimension Wealth, LLC",140,2025-09-30,0
Future Financial Wealth Managment LLC,138,2025-09-30,1
TD PRIVATE CLIENT WEALTH LLC,134,2025-09-30,13
Ritter Daniher Financial Advisory LLC / DE,125,2025-09-30,0
Avanza Fonder AB,116,2025-09-30,0
"Sound Income Strategies, LLC",111,2025-09-30,67
"North Capital, Inc.",111,2025-09-30,-3
"Rise Advisors, LLC",110,2025-09-30,-76
"CBIZ Investment Advisory Services, LLC",106,2025-09-30,19
Crewe Advisors LLC,106,2025-09-30,83
"Pathway Financial Advisers, LLC",105,2025-09-30,105
N.E.W. Advisory Services LLC,100,2025-09-30,0
Pineridge Advisors LLC,100,2025-09-30,-55
Eukles Asset Management,100,2025-09-30,0
ALERUS FINANCIAL  NA,100,2025-09-30,0
Mascoma Wealth Management LLC,100,2025-09-30,0
Farmers & Merchants Trust Co of Chambersburg PA,100,2025-09-30,0
"True Wealth Design, LLC",91,2025-09-30,29
"Darwin Wealth Management, LLC",87,2025-09-30,26
"Millstone Evans Group, LLC",83,2025-09-30,0
MEEDER ASSET MANAGEMENT INC,81,2025-09-30,-197
"Physician Wealth Advisors, Inc.",80,2025-09-30,80
"CALDWELL SUTTER CAPITAL, INC.",80,2025-09-30,-25
HIGHLINE WEALTH PARTNERS LLC,79,2025-09-30,0
Marshall & Sterling Wealth Advisors Inc.,77,2025-09-30,0
First Pacific Financial,76,2025-09-30,1
Independence Bank of Kentucky,75,2025-09-30,-350
"Transce3nd, LLC",72,2025-09-30,-5271
Binnacle Investments Inc,65,2025-09-30,49
"Bell Investment Advisors, Inc",62,2025-09-30,-69
Grove Bank & Trust,60,2025-09-30,0
"Fortitude Family Office, LLC",58,2025-09-30,0
"Legacy Wealth Managment, LLC/ID",55,2025-09-30,0
"Measured Wealth Private Client Group, LLC",52,2025-09-30,52
JNBA Financial Advisors,52,2025-09-30,0
"VSM Wealth Advisory, LLC",51,2025-09-30,1
Clayton Financial Group LLC,51,2025-09-30,51
TD Capital Management LLC,49,2025-09-30,0
"MARK SHEPTOFF FINANCIAL PLANNING, LLC",48,2025-09-30,0
HOWARD HUGHES MEDICAL INSTITUTE,48,2025-09-30,0
"IMG Wealth Management, Inc.",45,2025-09-30,23
"THURSTON, SPRINGER, MILLER, HERD & TITAK, INC.",44,2025-09-30,-16459
"JPL Wealth Management, LLC",43,2025-09-30,43
United Community Bank,42,2025-09-30,42
Altshuler Shaham Ltd,40,2025-09-30,40
MOTCO,40,2025-09-30,0
Avion Wealth,40,2025-09-30,0
"Ancora Advisors, LLC",39,2025-09-30,0
"Rialto Wealth Management, LLC",38,2025-09-30,2
Riverview Trust Co,36,2025-09-30,0
TOBAM,36,2025-09-30,0
"Cloud Capital Management, LLC",31,2025-09-30,31
Abound Wealth Management,30,2025-09-30,0
"DiNuzzo Private Wealth, Inc.",27,2025-09-30,2
"Marquette Asset Management, LLC",24,2025-09-30,24
"Winch Advisory Services, LLC",23,2025-09-30,0
"Caitlin John, LLC",22,2025-09-30,22
"AdvisorNet Financial, Inc",21,2025-09-30,0
Core Alternative Capital,21,2025-09-30,0
Red Tortoise LLC,20,2025-09-30,0
"Quest 10 Wealth Builders, Inc.",20,2025-09-30,-2
SJS Investment Consulting Inc.,19,2025-09-30,0
"Aspect Partners, LLC",19,2025-09-30,6
"Cape Investment Advisory, Inc.",18,2025-09-30,0
Penserra Capital Management LLC,18,2025-09-30,0
"Hughes Financial Services, LLC",18,2025-09-30,0
"ACIMA PRIVATE WEALTH, LLC",17,2025-09-30,0
Indiana Trust & Investment Management CO,17,2025-09-30,0
Park Place Capital Corp,16,2025-09-30,0
Financial Network Wealth Advisors LLC,15,2025-09-30,0
S&T BANK/PA,15,2025-09-30,2
"Bay Harbor Wealth Management, LLC",13,2025-09-30,5
"DHJJ Financial Advisors, Ltd.",13,2025-09-30,0
Dogwood Wealth Management LLC,11,2025-09-30,11
"Wealth Watch Advisors, INC",11,2025-09-30,11
"Bare Financial Services, Inc",11,2025-09-30,0
"DecisionPoint Financial, LLC",10,2025-09-30,0
City State Bank,10,2025-09-30,0
"Rakuten Securities, Inc.",9,2025-09-30,6
"Battery Global Advisors, LLC",8,2025-09-30,8
Activest Wealth Management,7,2025-09-30,3
"Stone House Investment Management, LLC",7,2025-09-30,7
"HALBERT HARGROVE GLOBAL ADVISORS, LLC",7,2025-09-30,7
"HFM Investment Advisors, LLC",6,2025-09-30,0
Retirement Wealth Solutions LLC,6,2025-09-30,6
"Dunhill Financial, LLC",6,2025-09-30,-1
"NVWM, LLC",6,2025-09-30,0
"ZRC WEALTH MANAGEMENT, LLC",5,2025-09-30,5
"Oakworth Capital, Inc.",5,2025-09-30,0
"Quaker Wealth Management, LLC",5,2025-09-30,0
"WestEnd Advisors, LLC",5,2025-09-30,0
Guerra Advisors Inc,5,2025-09-30,5
Trust Co,4,2025-09-30,0
"American Capital Advisory, LLC",3,2025-09-30,0
"Seneschal Advisors, LLC",3,2025-09-30,3
Concord Wealth Partners,2,2025-09-30,0
"Private Wealth Asset Management, LLC",2,2025-09-30,0
"TFC Financial Management, Inc.",1,2025-09-30,0
"Bridgefront Capital, LLC",0,2025-09-30,-4057
"Pensionmark Financial Group, LLC",0,2025-09-30,-2196
YANKCOM Partnership,0,2025-09-30,-8
TOTAL INVESTMENT MANAGEMENT INC,0,2025-09-30,-11
"AIGEN INVESTMENT MANAGEMENT, LP",0,2025-09-30,-7726
"Beacon Capital Management, LLC",0,2025-09-30,-289
"Park Square Financial Group, LLC",0,2025-09-30,-334
INCEPTIONR LLC,0,2025-09-30,-8279
AXA S.A.,0,2025-09-30,-294180
"FORA Capital, LLC",0,2025-09-30,-8345
Glenview Trust Co,0,2025-09-30,-3897
"Mount Yale Investment Advisors, LLC",0,2025-09-30,-726
Banco BTG Pactual S.A.,0,2025-09-30,-8330
"Total Clarity Wealth Management, Inc.",0,2025-09-30,-3872
"Nicholson Wealth Management Group, LLC",0,2025-09-30,-14060
"Entropy Technologies, LP",0,2025-09-30,-39477
Ilex Capital Partners (UK) LLP,0,2025-09-30,-19770
Creative Capital Management Investments LLC,0,2025-09-30,-20
"Partnership Wealth Management, LLC",0,2025-09-30,-11699
"Whipplewood Advisors, LLC",0,2025-09-30,-46
"Mid-American Wealth Advisory Group, Inc.",0,2025-09-30,-9
"Opal Wealth Advisors, LLC",0,2025-09-30,-227
"ATTICUS WEALTH MANAGEMENT, LLC",0,2025-09-30,-80
"WEBSTER BANK, N. A.",0,2025-09-30,-91
TEXAS PERMANENT SCHOOL FUND CORP,0,2025-09-30,-15371
Optimize Financial Inc,0,2025-09-30,-3762
Vienna Powszechne Towarzystwo Emerytalne S.A. Vienna Insurance Group,0,2025-09-30,-9543
MQS Management LLC,0,2025-09-30,-2688
"Arrowroot Family Office, LLC",0,2025-09-30,-2325
"BOOTHBAY FUND MANAGEMENT, LLC",0,2025-09-30,-2800
RNC CAPITAL MANAGEMENT LLC,0,2025-09-30,-25291
Brendel Financial Advisors LLC,0,2025-09-30,-30904
MBB PUBLIC MARKETS I LLC,0,2025-09-30,-2749
"Jump Financial, LLC",0,2025-09-30,-9652
Freestone Grove Partners LP,0,2025-09-30,-148585
RENAISSANCE TECHNOLOGIES LLC,0,2025-09-30,-114500
PANAGORA ASSET MANAGEMENT INC,0,2025-09-30,-4339
EVOLUTION WEALTH MANAGEMENT INC.,0,2025-09-30,-64
"Summit Investment Advisory Services, LLC",0,2025-09-30,-2800
"BRADY FAMILY WEALTH, LLC",0,2025-09-30,-20743
"BARRETT & COMPANY, INC.",0,2025-09-30,-150
"IEQ CAPITAL, LLC",0,2025-09-30,-3242
Heritage Wealth Advisors,0,2025-09-30,-346
"Stephens Consulting, LLC",0,2025-09-30,-7
M&G Plc,0,2025-09-30,-7197
"THOMPSON DAVIS & CO., INC.",0,2025-09-30,-18910
ABN AMRO INVESTMENT SOLUTIONS,0,2025-09-30,-37750
ONTARIO TEACHERS PENSION PLAN BOARD,0,2025-09-30,-15629
Astoria Portfolio Advisors LLC.,0,2025-09-30,-2115
CAXTON ASSOCIATES LLP,0,2025-09-30,-18896
S.A. Mason LLC,0,2025-09-30,-735
"ABSHER WEALTH MANAGEMENT, LLC",0,2025-09-30,-4284
FLYWHEEL PRIVATE WEALTH LLC,0,2025-09-30,-2077
CORNERCAP INVESTMENT COUNSEL INC,0,2025-09-30,-13503
Dakota Wealth Management,0,2025-09-30,-2537
"Paradigm Capital Management, LLC/NV",0,2025-09-30,-3199
BROWN CAPITAL MANAGEMENT LLC,0,2025-09-30,-4064
FineMark National Bank & Trust,0,2025-09-30,-2232
"SUSQUEHANNA FUNDAMENTAL INVESTMENTS, LLC",0,2025-09-30,-142034
CSS LLC/IL,0,2025-09-30,-4910
Accordant Advisory Group Inc,0,2025-09-30,-100
"Penobscot Investment Management Company, Inc.",0,2025-09-30,-2476
"Nova Wealth Management, Inc.",0,2025-09-30,-6
V-Square Quantitative Management LLC,0,2025-09-30,-7354
Bennett Associates Wealth Management,0,2025-09-30,-3454
"SIERRA OCEAN, LLC",0,2025-09-30,-22
"GeoWealth Management, LLC",0,2025-09-30,-200
"Canton Hathaway, LLC",0,2025-09-30,-1050
iSAM Funds (UK) Ltd,0,2025-09-30,-12322
WealthTrak Capital Management LLC,0,2025-09-30,-10
FreeGulliver LLC,0,2025-09-30,-2305
Scientech Research LLC,0,2025-09-30,-9063
"Meeder Advisory Services, Inc.",0,2025-09-30,-2160
"AXQ CAPITAL, LP",0,2025-09-30,-3010
ZACKS INVESTMENT MANAGEMENT,0,2025-09-30,-2973
VIKING FUND MANAGEMENT LLC,0,2025-09-30,-600
"Guardian Wealth Advisors, LLC",0,2025-09-30,-4619
"Signal Advisors Wealth, LLC",0,2025-09-30,-3369
"Radnor Capital Management, LLC",0,2025-09-30,-2135
"TWIN PEAKS WEALTH ADVISORS, LLC",0,2025-09-30,-149
"VOLORIDGE INVESTMENT MANAGEMENT, LLC",0,2025-09-30,-60110
OFI INVEST ASSET MANAGEMENT,0,2025-09-30,-1125
Magnetar Financial LLC,0,2025-09-30,-2342
FIRST MERCHANTS CORP,0,2025-09-30,-9810
OXFORD ASSET MANAGEMENT LLP,0,2025-09-30,-9430
NORGES BANK,857577,2025-06-30,857577
Congress Wealth Management LLC / DE /,133377,2025-06-30,44646
KBC Group NV,41880,2025-06-30,-207186
CIBC WORLD MARKETS CORP,27807,2025-06-30,975
Nebula Research & Development LLC,14633,2025-06-30,-6132
"EP Wealth Advisors, LLC",9056,2025-06-30,-234
"AVANTAX ADVISORY SERVICES, INC.",8059,2025-06-30,1917
"Atria Wealth Solutions, Inc.",6493,2025-06-30,-3427
"Wealth Group, Ltd.",3622,2025-06-30,-221
Prairie Sky Financial Group LLC,3450,2025-06-30,0
"Talon Private Wealth, LLC",3322,2025-06-30,769
"SUMMIT INVESTMENT ADVISORS, INC.",2800,2025-06-30,0
TFG Advisers LLC,2779,2025-06-30,97
GW HENSSLER & ASSOCIATES LTD,2438,2025-06-30,0
"BINGHAM PRIVATE WEALTH, LLC",2403,2025-06-30,-43
"Evolution Advisers, Inc.",728,2025-06-30,0
"First Horizon Advisors, Inc.",623,2025-06-30,6
"Iron Horse Wealth Management, LLC",231,2025-06-30,0
UNION SAVINGS BANK,200,2025-06-30,0
"MV CAPITAL MANAGEMENT, INC.",135,2025-06-30,-17
"Legacy Investment Solutions, LLC",55,2025-06-30,55
"Scarborough Advisors, LLC",31,2025-06-30,31
Kilter Group LLC,21,2025-06-30,21
"Principia Wealth Advisory, LLC",12,2025-06-30,3
"Parkworth Wealth Management, Inc.",7,2025-06-30,4
"Capital A Wealth Management, LLC",0,2025-06-30,-7
"MONTAG & CALDWELL, LLC",0,2025-06-30,-40
MIZUHO SECURITIES USA LLC,17826,2025-03-31,-3230
"Horan Capital Advisors, LLC.",16776,2025-03-31,-290
"Orion Portfolio Solutions, LLC",14443,2025-03-31,-3346
NAPATREE CAPITAL LLC,7685,2025-03-31,-48
"Vista Wealth Management Group, LLC",3716,2025-03-31,-170
"Lindbrook Capital, LLC",937,2025-03-31,-19
Sandy Spring Bank,376,2025-03-31,11
CAROLINAS WEALTH CONSULTING LLC,318,2025-03-31,0
"WMS Partners, LLC",959346,2024-12-31,-98856
"Nuveen Asset Management, LLC",627389,2024-12-31,11308
"Taika Capital, LP",26942,2024-12-31,26942
"Sanctuary Advisors, LLC",14103,2024-12-31,-541
Eagle Ridge Investment Management,9626,2024-12-31,0
"TAP Consulting, LLC",5638,2024-12-31,-469
"DGS Capital Management, LLC",3174,2024-12-31,840
"Zions Bancorporation, N.A.",55,2024-12-31,0
TUCKER ASSET MANAGEMENT LLC,49,2024-12-31,0
"Sugarloaf Wealth Management, LLC",38,2024-12-31,0
"WR Wealth Planners, LLC",18,2024-12-31,0
"Cassady Schiller Wealth Management, LLC",14,2024-12-31,14
"Householder Group Estate & Retirement Specialist, LLC",0,2024-12-31,-2947
"Raymond James Financial Services Advisors, Inc.",162709,2024-09-30,-3661
RAYMOND JAMES & ASSOCIATES,112364,2024-09-30,-7912
"SpiderRock Advisors, LLC",59612,2024-09-30,19608
B. Metzler seel. Sohn & Co. Holding AG,30617,2024-09-30,30617
"NORTHWEST INVESTMENT COUNSELORS, LLC",26244,2024-09-30,1137
PEAK6 Investments LLC,8213,2024-09-30,8213
RAYMOND JAMES TRUST N.A.,5219,2024-09-30,-221
First Trust Direct Indexing L.P.,4864,2024-09-30,-1358
"Argent Financial Group, Inc.",4108,2024-09-30,4108
"Brophy Wealth Management, LLC",3823,2024-09-30,3823
Insight Folios Inc,2612,2024-09-30,90
"Annapolis Financial Services, LLC",2085,2024-09-30,0
"FinTrust Capital Advisors, LLC",189,2024-09-30,0
"Peterson Financial Group, Inc.",13,2024-09-30,13
Planning Capital Management Corp,0,2024-09-30,-6
BlackRock Inc.,19654192,2024-06-30,148699
Fjarde AP-fonden (The Fourth Swedish National Pensionfund),79477,2024-06-30,79477
"BENJAMIN F. EDWARDS & COMPANY, INC.",79386,2024-06-30,-47295
Taylor Hoffman Wealth Management,36675,2024-06-30,896
"Coombe, Bender & Co LLC",27464,2024-06-30,440
Arden Trust Co,3855,2024-06-30,878
"JANICZEK WEALTH MANAGEMENT, LLC",2819,2024-06-30,259
BANK PICTET & CIE (ASIA) LTD,2751,2024-06-30,0
"BUCKINGHAM STRATEGIC WEALTH, LLC",2157,2024-06-30,2157
"ICA Group Wealth Management, LLC",976,2024-06-30,-3598
"Private Ocean, LLC",233,2024-06-30,0
"INSTITUTIONAL & FAMILY ASSET MANAGEMENT, LLC",37,2024-06-30,37
"Unique Wealth Strategies, LLC",8,2024-06-30,8
"Pearl River Capital, LLC",0,2024-06-30,-3402
CREDIT SUISSE AG/,390219,2024-03-31,-332844
Degroof Petercam Asset Management,37300,2024-03-31,4000
Cetera Advisor Networks LLC,19293,2024-03-31,1336
Cetera Advisors LLC,16826,2024-03-31,10260
"Ziegler Capital Management, LLC",14734,2024-03-31,-712
"Highlander Capital Management, LLC",10035,2024-03-31,0
WILBANKS SMITH & THOMAS ASSET MANAGEMENT LLC,8454,2024-03-31,-481
Cipher Capital LP,5620,2024-03-31,-7301
STEWART & PATTEN CO LLC,1700,2024-03-31,1700
CAMBRIDGE TRUST CO,266,2024-03-31,-134
NORWOOD FINANCIAL CORP,150,2024-03-31,150
Cutler Group LLC / CA,0,2024-03-31,-5027
"DUALITY ADVISERS, LP",0,2024-03-31,-17601
Bartlett & Co. LLC,29028,2023-12-31,-14259
Point72 Middle East FZE,27708,2023-12-31,-40138
"Simplicity Solutions, LLC",2937,2023-12-31,-454
Desjardins Global Asset Management Inc.,1825,2023-12-31,350
Baystate Wealth Management LLC,189,2023-12-31,2
"FIRST REPUBLIC INVESTMENT MANAGEMENT, INC.",60211,2023-09-30,-11934
"ADVISOR PARTNERS II, LLC",16619,2023-09-30,2796
ROTHSCHILD INVESTMENT CORP /IL,16552,2023-09-30,-7193
"PATHSTONE FAMILY OFFICE, LLC",14900,2023-09-30,11631
"BASSETT HARGROVE INVESTMENT COUNSEL, LLC",7485,2023-09-30,-142
COLONY GROUP LLC,5738,2023-09-30,-311
MADISON WEALTH MANAGEMENT,3915,2023-09-30,-1074
Fund Management at Engine No. 1 LLC,3209,2023-09-30,286
V Wealth Advisors LLC,2329,2023-09-30,-1964
Sutton Wealth Advisors Inc.,1936,2023-09-30,80
Steward Financial Group LLC,1187,2023-09-30,5
"Column Capital Advisors, LLC",100,2023-09-30,0
"Johnson Midwest Financial, LLC",47,2023-09-30,1
Quantamental Technologies LLC,0,2023-09-30,-3629
"Truadvice, LLC",0,2023-09-30,-1945
Ergoteles LLC,0,2023-09-30,-54273
"ADIRONDACK RETIREMENT SPECIALISTS, INC.",0,2023-09-30,-47
PICTET ASSET MANAGEMENT SA,111481,2023-06-30,-39604
"Vident Investment Advisory, LLC",78249,2023-06-30,52388
"Veritable, L.P.",12460,2023-06-30,1508
"TIAA, FSB",3380,2023-06-30,-223
"Intercontinental Wealth Advisors, LLC",2856,2023-06-30,-2
"Lumature Wealth Partners, LLC",2089,2023-06-30,4
First Command Bank,1740,2023-06-30,1740
"First Command Financial Services, Inc.",1740,2023-06-30,1740
"Vigilant Capital Management, LLC",800,2023-06-30,0
"Kistler-Tiffany Companies, LLC",130,2023-06-30,0
"BDO Wealth Advisors, LLC",68,2023-06-30,15
"BerganKDV Wealth Management, LLC",51,2023-06-30,1
"First Capital Advisors Group, LLC.",39,2023-06-30,39
Avalon Investment & Advisory,374421,2023-03-31,-7900
"HighTower Trust Company, N.A.",5025,2023-03-31,0
"ETF MANAGERS GROUP, LLC",4867,2023-03-31,72
SECURITY ASSET MANAGEMENT,2240,2023-03-31,0
"Parsec Financial Management, Inc.",1808,2023-03-31,-4065
Ahrens Investment Partners LLC,553,2023-03-31,553
"Kula Investments, LLC",0,2023-03-31,-2648
ALLSTATE INVESTMENT MANAGEMENT CO,11533,2022-12-31,11533
GAMBLE JONES INVESTMENT COUNSEL,10870,2022-12-31,0
"Alpha Paradigm Partners, LLC",6873,2022-12-31,940
SEEYOND,5133,2022-12-31,-100
"Autus Asset Management, LLC",3360,2022-12-31,0
PREMIER ASSET MANAGEMENT LLC,3130,2022-12-31,3130
Sargent Bickham Lagudis LLC,830,2022-12-31,0
"TRUSTCORE FINANCIAL SERVICES, LLC",303,2022-12-31,32
"Capital Directions Investment Advisors, LLC",150,2022-12-31,150
EATON VANCE MANAGEMENT,505962,2022-09-30,-32185
Covington Capital Management,68274,2022-09-30,3488
REGENTATLANTIC CAPITAL LLC,26695,2022-09-30,-37
Jefferies Group LLC,23817,2022-09-30,13156
"BRR OpCo, LLC",8556,2022-09-30,-2126
AlphaCrest Capital Management LLC,6760,2022-09-30,-3364
"Ashfield Capital Partners, LLC",6400,2022-09-30,0
Redpoint Investment Management Pty Ltd,5297,2022-09-30,-2401
"Corient Capital Partners, LLC",4712,2022-09-30,3
Manteio Capital LLC,4420,2022-09-30,-903
"H. L. Ormond & Company, LLC",4397,2022-09-30,-48
"FourThought Financial, LLC",3442,2022-09-30,-746
Maryland Capital Management,2706,2022-09-30,-510
"55I, LLC",2485,2022-09-30,2485
"WIPFLI FINANCIAL ADVISORS LLC,",2027,2022-09-30,2027
First Farmers & Merchants Bank / Trust,2000,2022-09-30,0
MUFG Americas Holdings Corp,1805,2022-09-30,0
American Portfolios Advisors,1222,2022-09-30,135
"Surevest, LLC",0,2022-09-30,-4
ACG Wealth,0,2022-09-30,-1
"NuWave Investment Management, LLC",0,2022-09-30,-2182
"Brown Advisory Securities, LLC",0,2022-09-30,-3471
Farmer Steven Patrick,739529,2022-06-30,739529
"TRH Financial, LLC",60818,2022-06-30,3408
ERN LLC,15500,2022-06-30,15500
ADVISOR PARTNERS LLC,10285,2022-06-30,4499
Altium Wealth Management LLC,5796,2022-06-30,1263
"Reynolds Investment Management, Inc.",5045,2022-06-30,-16
Frontier Wealth Management LLC,1817,2022-06-30,0
Cordasco Financial Network,800,2022-06-30,800
"BIVIN & ASSOCIATES, INC.",180,2022-06-30,0
"Urban Wealth Management, LLC",150,2022-06-30,150
"Private Capital Group, LLC",103,2022-06-30,-345
BREWIN DOLPHIN LTD,100,2022-06-30,0
"Fieldpoint Private Securities, LLC",65,2022-06-30,-129
HC FINANCIAL ADVISORS INC,50,2022-06-30,50
EXANE DERIVATIVES,2,2022-06-30,0
IBM Retirement Fund,0,2022-06-30,-3600
PARAMETRIC PORTFOLIO ASSOCIATES LLC,1218507,2022-03-31,225645
NN Investment Partners Holdings N.V.,210909,2022-03-31,105144
Amalgamated Financial Corp.,63838,2022-03-31,63838
"O'Shares Investment Advisers, LLC",54266,2022-03-31,3028
PALLADIUM PARTNERS LLC,5017,2022-03-31,-228
"People's United Financial, Inc.",1951,2022-03-31,-345
"Tatro Capital, LLC",1627,2022-03-31,5
Azimuth Capital Management LLC,1400,2022-03-31,-60
KINGS POINT CAPITAL MANAGEMENT,854,2022-03-31,0
IndexIQ Advisors LLC,70,2022-03-31,-17221
"Lenox Wealth Advisors, LLC",0,2022-03-31,-15
"Barrett Asset Management, LLC",0,2022-03-31,-1170
"Heritage Way Advisors, LLC",24696,2021-12-31,-235
MD Financial Management Inc.,13606,2021-12-31,-1094
FIRST MIDWEST BANK TRUST DIVISION,10332,2021-12-31,-33
"NEXT Financial Group, Inc",9597,2021-12-31,251
TDAM USA INC.,5002,2021-12-31,29
"Johanson Financial Advisors, Inc.",3339,2021-12-31,18
Innovative Portfolios,1749,2021-12-31,0
"Carroll Financial Associates, Inc.",1588,2021-12-31,0
CORNERSTONE ADVISORS INC,0,2021-12-31,0
Marshall Wace North America L.P.,189638,2021-09-30,189638
"Cardan Capital Partners, LLC",34768,2021-09-30,-154
FMA ADVISORY INC,21706,2021-09-30,160
World Asset Management Inc,6323,2021-09-30,-493
"CAMG Solamere Management, LLC",6016,2021-09-30,939
MID ATLANTIC FINANCIAL MANAGEMENT INC/ADV,5755,2021-09-30,-210
SECURITY NATIONAL TRUST CO,2710,2021-09-30,2685
"Ameritas Investment Company, LLC",2590,2021-09-30,517
Homrich & Berg,2579,2021-09-30,-255
"Mercer Capital Advisers, Inc.",1500,2021-09-30,0
"Sonora Investment Management, LLC",1435,2021-09-30,-21
BBVA USA,1133,2021-09-30,-48
"Berman Capital Advisors, LLC",939,2021-09-30,178
FIRST MERCANTILE TRUST CO,623,2021-09-30,-87
"Filbrandt Wealth Management, LLC",300,2021-09-30,0
PICTET ASSET MANAGEMENT LTD,154189,2021-06-30,-779
USCA RIA LLC,14494,2021-06-30,603
"Strategic Wealth Management Group, LLC",14152,2021-06-30,2
"Geier Asset Management, Inc.",7120,2021-06-30,11
"QS Investors, LLC",3676,2021-06-30,62
"Novak Financial Planning, LLC",2198,2021-06-30,4
Financial Consulate Inc.,1800,2021-06-30,1800
BADGLEY PHELPS & BELL INC,1495,2021-06-30,-50
INVESTMENT COUNSELORS OF MARYLAND LLC,1050,2021-06-30,0
"Hoover Financial Advisors, Inc.",594,2021-06-30,-7
"FormulaFolio Investments, LLC",68,2021-06-30,0
SAN FRANCISCO SENTRY INVESTMENT GROUP (CA),50,2021-06-30,0
BEL AIR INVESTMENT ADVISORS LLC,0,2021-06-30,-1396
SMITH ASSET MANAGEMENT GROUP LP,0,2021-06-30,-65192
"AMUNDI ASSET MANAGEMENT US, INC.",856229,2021-03-31,29240
"Lighthouse Financial Advisors, Inc.",18963,2021-03-31,-1160
TCF National Bank,7231,2021-03-31,-53
CAMDEN NATIONAL CORP,2400,2021-03-31,2400
"Pinnacle Advisory Group, Inc.",2219,2021-03-31,2219
"BBVA USA Bancshares, Inc.",1262,2021-03-31,-64
"Sullivan, Bruyette, Speros & Blaney, LLC",909,2021-03-31,0
"CSat Investment Advisory, L.P.",121,2021-03-31,8
"Aperio Group, LLC",212745,2020-12-31,19003
"SVA Wealth Management, LLC",25425,2020-12-31,-86
"NewFocus Financial Group, LLC",8983,2020-12-31,1224
"CWH Capital Management, Inc.",3781,2020-12-31,1555
XTX MARKETS LLC,1329,2020-12-31,1329
"Winslow, Evans & Crocker, Inc.",157,2020-12-31,0
"Reby Advisors, LLC",117,2020-12-31,117
BOGLE INVESTMENT MANAGEMENT L P /DE/,0,2020-12-31,-25558
CADENCE CAPITAL MANAGEMENT LLC,4930,2020-09-30,-1264
"Wealthspire Advisors, L.P.",2733,2020-09-30,611
"First Allied Advisory Services, Inc.",2377,2020-09-30,-427
AIA Investment Management Private Ltd,644,2020-09-30,185
"Cerebellum GP, LLC",510,2020-09-30,510
QUANTUM CAPITAL MANAGEMENT,187,2020-09-30,-1
"LifePlan Financial Group, Inc",62,2020-09-30,0
"Rampart Investment Management Company, LLC",0,2020-09-30,-1742
SHINE INVESTMENT ADVISORY SERVICES INC,0,2020-09-30,-324
Watson Rebecca,0,2020-09-30,-100
Jupiter Investment Management Ltd,165772,2020-06-30,-34356
"Global Financial Private Capital, Inc",18703,2020-06-30,-11
BRINKER CAPITAL INC,11689,2020-06-30,307
"JUMP TRADING, LLC",2701,2020-06-30,2701
NumerixS Investment Technologies Inc,2442,2020-06-30,-1800
361 CAPITAL LLC,1797,2020-06-30,1797
"Lenox Wealth Management, Inc.",471,2020-06-30,21
TRUEWEALTH LLC,6,2020-06-30,0
PIEDMONT INVESTMENT ADVISORS INC,106965,2020-03-31,-11069
Xact Kapitalforvaltning AB,59983,2020-03-31,-21530
Fiduciary Trust Co International of Pennsylvania,50435,2020-03-31,-804
Osborn Williams & Donohoe LLC,15686,2020-03-31,-344
"ACCURATE INVESTMENT SOLUTIONS, INC.",1671,2020-03-31,1671
Willingdon Wealth Management,139,2020-03-31,0
CS MCKEE LP,165423,2019-12-31,-14700
LADENBURG THALMANN FINANCIAL SERVICES INC.,47310,2019-12-31,2325
"Advisor Group, Inc.",44589,2019-12-31,-424
Highstreet Asset Management Inc.,8792,2019-12-31,584
Whitnell & Co.,4667,2019-12-31,-7379
"Gideon Capital Advisors, Inc.",2947,2019-12-31,-10530
CLEARARC CAPITAL INC,2493,2019-12-31,-1042
CXI Advisors,11,2019-12-31,11
"BB&T SECURITIES, LLC",80790,2019-09-30,6498
SUNTRUST BANKS INC,15231,2019-09-30,314
Elkfork Partners LLC,7854,2019-09-30,-5882
Glen Harbor Capital Management LLC,6468,2019-09-30,-4844
Meadow Creek Investment Management LLC,5082,2019-09-30,-3806
RIVERHEAD CAPITAL MANAGEMENT LLC,4150,2019-09-30,-3120
KOPP INVESTMENT ADVISORS LLC,3770,2019-09-30,-328
Flinton Capital Management LLC,3696,2019-09-30,-2768
"ADVANTAGE INVESTMENT MANAGEMENT, LLC",600,2019-09-30,0
"Winthrop Partners - WNY, LLC",200,2019-09-30,200
"Julex Capital Management, LLC",14,2019-09-30,14
WILLIAMS JONES & ASSOCIATES LLC,273932,2019-06-30,-4456
MIDAS MANAGEMENT CORP,31200,2019-06-30,0
COMMONWEALTH BANK OF AUSTRALIA,26173,2019-06-30,-10418
CHEMICAL BANK,9011,2019-06-30,75
"COBIZ WEALTH, LLC",2250,2019-06-30,0
TIAA CREF INVESTMENT MANAGEMENT LLC,729269,2019-03-31,302802
"TEACHERS ADVISORS, LLC",446215,2019-03-31,-20022
"OppenheimerFunds, Inc.",42880,2019-03-31,34829
"BALTIMORE CAPITAL MANAGEMENT, INC",24522,2019-03-31,24522
HL FINANCIAL SERVICES LLC,21403,2019-03-31,6142
RELIANCE TRUST CO OF DELAWARE,3339,2019-03-31,0
NEW AMSTERDAM PARTNERS LLC/NY,2512,2019-03-31,69
NEXT Financial Holdings,150,2019-03-31,150
TRUST DEPARTMENT MB FINANCIAL BANK N A,76,2019-03-31,0
"Unified Trust Company, N.A.",26763,2018-12-31,26763
COMERICA SECURITIES INC,7947,2018-12-31,208
AMICA PENSION FUND BOARD OF TRUSTEES,7349,2018-12-31,0
Horizon Kinetics LLC,3891,2018-12-31,0
BREMER TRUST NATIONAL ASSOCIATION,1622,2018-12-31,1622
"Kaizen Advisory, LLC",640,2018-12-31,19
"Clarfeld Financial Advisors, LLC",115,2018-12-31,115
"WealthTrust-Arizona, LLC",84,2018-12-31,0
WEALTHFRONT Corp,6698,2018-09-30,-508
Zions Bancorporation,2659,2018-09-30,-8
"Vantage Investment Advisors, LLC",652,2018-09-30,252
CLINTON GROUP INC,0,2018-09-30,-15926
"CYNOSURE ADVISORS, LLC",0,2018-09-30,-16697
ASSET ADVISORS CORP,63215,2018-06-30,-100
CATAWBA CAPITAL MANAGEMENT /VA,44684,2018-06-30,-1756
OLD MUTUAL CUSTOMISED SOLUTIONS (PROPRIETARY) LTD,16900,2018-06-30,0
PEAK6 Group LLC,9660,2018-06-30,2094
Global X Management CO LLC,7411,2018-06-30,1348
"Edge Advisors, LLC",218,2018-06-30,0
DENVER INVESTMENT ADVISORS LLC,104640,2018-03-31,-768
EXXONMOBIL INVESTMENT MANAGEMENT INC /TX,37445,2018-03-31,-1083
"DREMAN VALUE MANAGEMENT, L L C",6070,2018-03-31,0
"Delpha Capital Management, LLC",5152,2018-03-31,5152
FNY Managed Accounts LLC,53,2018-03-31,-24
"THOMASPARTNERS, INC.",0,2018-03-31,-2416083
CROFT-LEOMINSTER INC,331036,2017-12-31,-71778
CORNERSTONE CAPITAL MANAGEMENT HOLDINGS LLC.,268298,2017-12-31,151059
AHL Partners LLP,87463,2017-12-31,29819
GLG LLC,12226,2017-12-31,0
BRIDGES INVESTMENT COUNSEL INC/,7240,2017-12-31,-670
"BB&T INVESTMENT SERVICES, INC.",7197,2017-12-31,445
ROCKEFELLER FINANCIAL SERVICES INC,2366,2017-12-31,0
"AURORA FINANCIAL ADVISORS, LLC",1982,2017-12-31,1982
"CrestPoint Capital Management, LLC",0,2017-12-31,-5700
INVESTMENT CENTERS OF AMERICA INC,0,2017-12-31,-25988
NATIONAL PLANNING CORP,0,2017-12-31,-5575
MIDWEST INVESTMENT MANAGEMENT LLC,38880,2017-09-30,-945
"Jacobus Wealth Management, Inc.",7500,2017-09-30,0
BANCORPSOUTH INC,7090,2017-09-30,-519
"UNITED BANK, INC.",3195,2017-09-30,-250
DAVIDSON & GARRARD INC,3167,2017-09-30,0
Acrospire Investment Management LLC,0,2017-09-30,-800
"I.G. INVESTMENT MANAGEMENT, LTD.",0,2017-09-30,-5700
SPOT TRADING L.L.C.,0,2017-09-30,-4364
ABERDEEN ASSET MANAGEMENT PLC/UK,76173,2017-06-30,17466
"Commonwealth Equity Services, Inc",64540,2017-06-30,5103
Delta Lloyd Asset Management N.V.,29268,2017-06-30,29268
CAPSTONE ASSET MANAGEMENT CO,20560,2017-06-30,-1275
Kissinger Financial Services LLC,15000,2017-06-30,0
Virtu KCG Holdings LLC,12023,2017-06-30,-19096
"Geneva Advisors, LLC",10029,2017-06-30,-8973
"WFG Advisors, LP",7575,2017-06-30,1557
iAB Financial Bank,4935,2017-06-30,665
"Capstone Investment Advisors (Netherlands), B.V.",2120,2017-06-30,-389
HERNDON CAPITAL MANAGEMENT LLC,211,2017-06-30,0
Airain ltd,0,2017-06-30,-12698
"Lebenthal Asset Management, LLC",50823,2017-03-31,2250
DELTA LLOYD NV,29268,2017-03-31,-1795
"Kernodle & Katon Asset Management Group, LLC",20362,2017-03-31,20362
JANUS HENDERSON INVESTORS US LLC,17438,2017-03-31,-4420
Spot Trading L.L.C,14399,2017-03-31,14399
Princeton Alpha Management LP,10036,2017-03-31,10036
"BlackRock Institutional Trust Company, N.A.",6794227,2016-12-31,37925
BlackRock Fund Advisors,5044500,2016-12-31,346321
BlackRock Group LTD,2112676,2016-12-31,85759
"BlackRock Investment Management, LLC",545631,2016-12-31,27353
BlackRock Japan Co. Ltd,337183,2016-12-31,244
BLACKROCK ADVISORS LLC,257170,2016-12-31,6834
"Calvert Investment Management, Inc.",15578,2016-12-31,-3600
"JACKSON PARK CAPITAL, LLC",12000,2016-12-31,-7000
"Saddle Road Partners, LLC",8600,2016-12-31,0
MSI Financial Services Inc,3347,2016-12-31,1378
"INTEGRATED WEALTH COUNSEL, LLC",154,2016-12-31,0
KANALY TRUST CO,38,2016-12-31,0
"Argentus Capital Management, LLC",0,2016-12-31,-3251
Emerald Acquisition Ltd.,57625,2016-09-30,-27130
Gerstein Fisher,4167,2016-09-30,-83
JFB Holdings Corp,3225,2016-09-30,-515
"Mizuho Asset Management Co.,Ltd.",2721,2016-09-30,-208
EDMOND DE ROTHSCHILD (SUISSE) S.A.,1389,2016-09-30,789
"Shinko Asset Management Co., Ltd.",657,2016-09-30,0
WESTPORT RESOURCES MANAGEMENT INC,190,2016-09-30,190
Alpenglow Capital LP,0,2016-09-30,-43100
BRC Investment Management LLC,0,2016-09-30,-9074
"ANALYTIC INVESTORS, LLC",0,2016-09-30,-23200
"Lebenthal Holdings,LLC",48067,2016-06-30,32056
Investors Capital Advisory Services,11909,2016-06-30,-577
FIRST NIAGARA BANK,8682,2016-06-30,-36
FIRSTMERIT BANK N A TRUSTEE,5950,2016-06-30,50
SOCIETE GENERALE,1731,2016-06-30,1731
VIRGINIA RETIREMENT SYSTEM,338671,2016-03-31,338671
RUSSELL FRANK CO/,47289,2016-03-31,9912
"HHG & Company, LLC",16267,2016-03-31,454
BHF Kleinwort Benson Group S.A.,4357,2016-03-31,4357
TD Securities (USA) LLC,56,2016-03-31,0
Gupta Wealth Management LLC,24,2016-03-31,0
Santa Fe Partners LLC,31875,2015-12-31,31875
Chautauqua Capital Management,26678,2015-12-31,-1292
"SMITH HAYES Advisers, Inc",22275,2015-12-31,800
"Pinnacle Summer Investments, Inc.",15000,2015-12-31,-123
"Taylor, Cottrill LLC",7218,2015-12-31,-200
Stonehage Fleming (UK) Ltd,3735,2015-12-31,0
CURIAN CAPITAL LLC,0,2015-12-31,-20784
Schonfeld Group Holdings LLC,0,2015-12-31,-5801
CITY NATIONAL BANK,209393,2015-09-30,-18098
"Absolute Return Capital, LLC",20011,2015-09-30,20011
"J.P. Turner & Co Capital Mnagement, LLC",8422,2015-09-30,8422
OFI Advisors LLC,6185,2015-09-30,263
"Index Management Solutions, LLC",120,2015-09-30,0
MID CONTINENT CAPITAL LLC/IL,0,2015-09-30,-2700
"Constellation Wealth Advisors, LLC",0,2015-09-30,-24959
MANAGED ACCOUNT ADVISORS LLC,1154408,2015-06-30,551863
Quadrature Capital LLP,5500,2015-06-30,5500
FolioMetrix LLC,5155,2015-06-30,2835
BAIRD ROBERT W & CO INC /WI/,491889,2015-03-31,7585
"Bank of Kentucky, Inc.",30898,2015-03-31,-2998
BOSTON PRIVATE BANK & TRUST CO,28181,2015-03-31,0
"STERNE AGEE GROUP, INC.",26067,2015-03-31,757
ACUITY INVESTMENT MANAGEMENT INC,2513,2015-03-31,170
GUARDIAN INVESTOR SERVICES LLC,1795,2015-03-31,0
HABERER REGISTERED INVESTMENT ADVISOR INC,84,2015-03-31,0
"Mariner Wealth Advisors-NYC, LLC",72,2015-03-31,72
"Placemark Investments, Inc.",50957,2014-12-31,13566
ELEFANTE MICHAEL B,3655,2014-12-31,-10
SHAPIRO ROBERT N,2126,2014-12-31,1396
NEW ENGLAND SECURITIES CORP /MA/,224,2014-12-31,0
Kames Capital Management Ltd,0,2014-12-31,-24804
UBS AG,755216,2014-09-30,80630
"1919 Investment Counsel, LLC",507766,2014-09-30,312326
"Banyan Partners, LLC",54584,2014-09-30,9123
"Stifel Trust Company, N.A.",38595,2014-09-30,16200
SEI TRUST CO,20637,2014-09-30,-332
MUNDER CAPITAL MANAGEMENT,1315,2014-09-30,1315
"QS BATTERYMARCH FINANCIAL MANAGEMENT, INC",211,2014-09-30,0
"COMMUNITY BANK SYSTEM, INC.",170,2014-09-30,0
WILMINGTON TRUST CO,285242,2014-06-30,65
"Wilmington Trust, National Association",108141,2014-06-30,17250
Wilmington Funds Management Corp,71080,2014-06-30,11538
"Stux Capital Management, LLC",31400,2014-06-30,-46200
"Wilmington Trust Investment Management, LLC",6722,2014-06-30,0
"Long Wharf Investors, Inc.",5470,2014-06-30,220
LILLEY & CO,4607,2014-06-30,240
"Emrys Partners, L.P.",0,2014-06-30,-39987
Strategic Capital Group LLC,0,2014-06-30,-1213
Winton Capital Management Ltd,59463,2014-03-31,-160896
"Emrys Partners, L.P.",39987,2014-03-31,-45529
F&C Asset Management plc,18557,2014-03-31,462
SAC Capital Advisors LP,0,2014-03-31,-56419
"CR Intrinsic Investors, LLC",0,2014-03-31,-29000
GLG INC.,37500,2013-12-31,0
Daiwa Capital Markets America Inc.,7700,2013-12-31,7700
"Credo Capital Management, LLC",4744,2013-12-31,-9426
NORTHERN TRUST CO OF CONNECTICUT,0,2013-12-31,-341276
STIFEL NICOLAUS & CO INC \MO\,22831,2013-09-30,1490
WESTEND PARTNERS LP,935,2013-09-30,935
Irish Life Investment Managers Ltd.,107205,2013-06-30,1610
KNIGHT CAPITAL GROUP LLC,10549,2013-06-30,-1632
MANULIFE INVESTMENT MANAGEMENT (US) LLC,1997086,2013-03-31,-114042
Manulife Investment Management (North America) Ltd,83036,2013-03-31,-266217
"Westwood Advisors, L.L.C.",16300,2012-09-30,0
"First Allied Securities, Inc.",575,2012-06-30,375
AUSTIN CALVERT & FLAVIN INC,63340,2011-12-31,3190
Boston Trust Walden Co,0,2011-12-31,-751583
SUMITOMO MITSUI TRUST BANK Ltd,320511,2011-03-31,78981
abrdn Inc.,41206,2010-12-31,41206
VALUE LINE INC,92300,2010-09-30,0
"GUGGENHEIM FUNDS INVESTMENT ADVISORS, LLC",37479,2010-06-30,-1804
BROWN INVESTMENT ADVISORY & TRUST CO,174445,2010-03-31,-12502
LIBERTY MUTUAL INSURANCE CO,16736,2008-12-31,-17964
LEHMAN BROTHERS HOLDINGS INC. PLAN TRUST,123293,2008-06-30,58785
GLENS FALLS NATIONAL BANK & TRUST CO /NY,93790,2007-09-30,93790
PEOPLES BANCORP INC,4830,2007-09-30,660
MERCANTILE BANKSHARES CORP,692830,2006-12-31,692830
STICHTING PENSIOENFONDS ABP,283467,2006-12-31,283467
RBC CMA LLC,478912,2006-06-30,333367
AMERICAN CENTURY INVESTMENT MANAGEMENT INC,3614083,2004-12-31,196797
NOMURA SECURITIES CO LTD,0,2003-06-30,-97416
PRUDENTIAL INSURANCE CO OF AMERICA,263600,2001-09-30,-3500
PRINCIPAL GLOBAL INVESTORS,60623,2001-09-30,-1505
PRINCIPAL LIFE INSURANCE CO,60623,2001-09-30,-1505
